2019/10/1,2,933.178,7816470.00 ,8376.18,8319.5,8297.5,8539.5,8199,9.14843
2019/10/2,3,521.027,4302960.00 ,8258.6,8378.5,8319.5,8386.5,8176,-21.7206
2019/10/3,4,596.203,4897060.00 ,8213.73,8239.5,8378.5,8419,8076.5,-4.50488
2019/10/4,5,531.444,4325140.00 ,8138.46,8150,8239.5,8241,8025,-10.4723
2019/10/5,6,427.717,3467750.00 ,8107.6,8144,8150,8197,8020,30.8731
2019/10/6,7,709.788,5641320.00 ,7947.9,7861,8144,8170,7771,-3.58301
2019/10/7,1,765.277,6169510.00 ,8061.79,8210.5,7861,8308.5,7764.5,0.193058
2019/10/8,2,606.441,4974350.00 ,8202.53,8180.5,8210.5,8334.5,8096,-6.25744
2019/10/9,3,909.512,7671490.00 ,8434.73,8588.5,8180,8689.5,8114.5,76.0284
2019/10/10,4,579.353,4959790.00 ,8560.91,8593.5,8588,8661,8468,34.997
2019/10/11,5,810.577,6852430.00 ,8453.77,8276.5,8593.5,8809,8233,-19.2041
2019/10/12,6,392.613,3274870.00 ,8341.21,8316,8276.5,8409.5,8262,-4.77033
2019/10/13,7,542.172,4530050.00 ,8355.37,8287.5,8316,8471.5,8163.5,19.6852
2019/10/14,1,499.311,4151530.00 ,8314.53,8359.5,8287.5,8412,8227,2.79318
2019/10/15,2,546.486,4512240.00 ,8256.84,8162.5,8360,8424,8081.5,-19.0548
2019/10/16,3,529.622,4255590.00 ,8035.14,8002.5,8162,8184,7915,-31.5354
2019/10/17,4,411.619,3312040.00 ,8046.37,8079.5,8001.5,8132.5,7942,17.5853
2019/10/18,5,547.284,4347110.00 ,7943.07,7959.5,8079.5,8122.5,7815,-19.0365
2019/10/19,6,449.6,3583620.00 ,7970.68,7964,7959.5,8103.5,7874.5,15.4528
2019/10/20,7,659.003,5323680.00 ,8078.39,8230,7964,8317,7877.5,8.10053
2019/10/21,1,459.076,3777460.00 ,8228.41,8210.5,8230,8356,8159.5,21.4254
2019/10/22,2,538.085,4404100.00 ,8184.77,8024,8210,8313,7987.5,1.40341
2019/10/23,3,985.52,7531750.00 ,7642.41,7467.5,8024,8051,7301,-48.09
2019/10/24,4,464.845,3460190.00 ,7443.76,7422,7467.5,7508.5,7354,8.1095
2019/10/25,5,1640.53,13484100.00 ,8219.34,8666.5,7422,8790.5,7384.5,77.2781
2019/10/26,6,3760.94,35627000.00 ,9472.91,9266.5,8666.5,10558,8644,-21.4385
2019/10/27,7,1959.43,18659500.00 ,9522.92,9549.5,9267,9835,9113,-22.0685
2019/10/28,1,2314.04,21999500.00 ,9506.99,9232,9550,9938,9194.5,-20.4206
2019/10/29,2,1379.96,12945600.00 ,9381.11,9440,9232.5,9560,9066,-4.84305
2019/10/30,3,902.514,8292520.00 ,9188.24,9166.5,9440.5,9441.5,8989.5,-39.7546
2019/10/31,4,1026.55,9426980.00 ,9183.14,9160,9166.5,9442.5,8960,-22.5259
2019/11/1,5,734.359,6743480.00 ,9182.81,9260,9159.5,9316,9063,-19.3851
2019/11/2,6,462.932,4307880.00 ,9305.64,9320,9260.5,9410,9220,7.76697
2019/11/3,7,427.17,3938370.00 ,9219.68,9210.5,9320,9397,9077,-15.3214
2019/11/4,1,631.866,5910850.00 ,9354.59,9420.5,9210,9612.5,9137.5,-6.54654
2019/11/5,2,589.241,5501180.00 ,9336.04,9320.5,9421,9485.5,9188,3.57758
2019/11/6,3,426.739,3989020.00 ,9347.69,9351,9320.5,9461,9257.5,3.6303
2019/11/7,4,448.961,4138450.00 ,9217.82,9213,9351,9382,9080,-32.8487
2019/11/8,5,978.056,8720130.00 ,8915.77,8771.5,9213,9257.5,8680,-49.2354
2019/11/9,6,419.885,3699870.00 ,8811.62,8814.5,8771.5,8884,8732,2.0058
2019/11/10,7,659.773,5909280.00 ,8956.54,9039.5,8814.5,9140,8764,-10.4299
2019/11/11,1,668.519,5869040.00 ,8779.17,8719.5,9040,9076.5,8593,-38.5687
2019/11/12,2,660.665,5763540.00 ,8723.85,8819,8719,8866,8559,14.6519
2019/11/13,3,304.068,2663600.00 ,8759.9,8764,8819,8849,8710,17.4234
2019/11/14,4,386.95,3347480.00 ,8650.95,8633.5,8764,8793,8555.5,-16.7308
2019/11/15,5,749.438,6412130.00 ,8555.93,8462.5,8633.5,8787.5,8355,-28.8186
2019/11/16,6,238.618,2023660.00 ,8480.76,8486,8462,8538,8426,1.77574
2019/11/17,7,548.513,4679050.00 ,8530.43,8512,8486,8638,8384.5,1.96919
2019/11/18,1,974.125,8083290.00 ,8298,8181,8510,8510.5,8022,0.682854
2019/11/19,2,660.277,5348460.00 ,8100.33,8127.5,8180.5,8202.5,7991,-8.21398
2019/11/20,3,507.664,4117740.00 ,8111.17,8083.5,8128,8229,8034,-19.2734
2019/11/21,4,1196.62,9252040.00 ,7731.8,7618.5,8083.5,8122,7356.5,-87.3913
2019/11/22,5,2864.69,20629900.00 ,7201.44,7276,7618,7715.5,6735.5,-38.6046
2019/11/23,6,893.382,6466800.00 ,7238.56,7322,7276,7348,7103.5,1.37599
2019/11/24,7,1406.71,9980560.00 ,7094.97,6905,7322.5,7347,6865,-25.2275
2019/11/25,1,2421.06,16786900.00 ,6933.71,7123,6905.5,7380,6519,16.2043
2019/11/26,2,1214.4,8684720.00 ,7151.46,7159.5,7123,7341,7015,22.4581
2019/11/27,3,1811.1,13173200.00 ,7273.63,7528.5,7159.5,7672.5,6845.5,18.4803
2019/11/28,4,981.051,7384390.00 ,7527.02,7429.5,7528.5,7665,7370,-16.3847
2019/11/29,5,1182.62,9034870.00 ,7639.73,7757,7429,7872,7416,19.8665
2019/11/30,6,935.224,7136740.00 ,7631.04,7556,7757,7816.5,7458,-12.9729
2019/12/1,7,1124.98,8272860.00 ,7353.75,7400,7556,7556.5,7234,-37.3137
2019/12/2,1,833.604,6081630.00 ,7295.58,7302.5,7400,7423,7160.5,-14.9125
2019/12/3,2,514.9,3768340.00 ,7318.58,7293.5,7301.5,7419.5,7106.5,-8.20192
2019/12/4,3,1906.99,14008800.00 ,7346.04,7198.5,7293.5,7795,7085.5,-14.3218
2019/12/5,4,1147.49,8409810.00 ,7328.85,7389.5,7198.5,7484,7148.5,29.2194
2019/12/6,5,1059.35,7879820.00 ,7438.39,7540.5,7390,7648,7304.5,21.1141
2019/12/7,6,559.04,4213750.00 ,7537.47,7504.5,7541,7631,7481.5,-11.5911
2019/12/8,7,565.52,4238000.00 ,7493.99,7518,7504,7583,7389,4.60694
2019/12/9,1,1187.99,8864190.00 ,7461.52,7336,7518,7688.5,7277.5,15.1284
2019/12/10,2,923.234,6721200.00 ,7280.06,7219.5,7336.5,7382,7161.5,7.20246
2019/12/11,3,553.266,3985660.00 ,7203.88,7197.5,7220,7266.5,7121,-1.5171
2019/12/12,4,830.269,5961270.00 ,7179.92,7184,7197.5,7296,7070.5,31.6548
2019/12/13,5,425.489,3077310.00 ,7232.41,7245,7184.5,7295,7183.5,30.7761
2019/12/14,6,631.094,4494820.00 ,7122.26,7058,7245.5,7267,7002,-43.7899
2019/12/15,7,596.908,4233590.00 ,7092.53,7110,7058,7210,7009,14.4674
2019/12/16,1,873.037,6094310.00 ,6980.58,6877.5,7109.5,7138.5,6820,4.06119
2019/12/17,2,932.364,6275870.00 ,6731.14,6613.5,6877.5,6937,6546,-19.3174
2019/12/18,3,1859.27,12745900.00 ,6855.32,7287.5,6613.5,7480.5,6420,21.4282
2019/12/19,4,736.272,5270460.00 ,7158.31,7147,7287.5,7370.5,7042,-14.8237
2019/12/20,5,427.375,3055590.00 ,7149.66,7187.5,7146.5,7229,7073,-4.20935
2019/12/21,6,206.097,1472390.00 ,7144.17,7140,7188,7188,7096,-4.56384
2019/12/22,7,675.791,4947270.00 ,7320.71,7505,7140,7517,7121,54.424
2019/12/23,1,930.252,6981850.00 ,7505.33,7310,7507.5,7691.5,7261.5,-21.2623
2019/12/24,2,623.806,4546660.00 ,7288.57,7254,7310.5,7429,7155.5,6.64421
2019/12/25,3,441.805,3182670.00 ,7203.79,7195,7254,7263.5,7116,-12.9283
2019/12/26,4,586.824,4261380.00 ,7261.77,7196,7195,7428,7146,14.7469
2019/12/27,5,487.453,3501680.00 ,7183.61,7243,7195.5,7258,7058,13.4622
2019/12/28,6,408.494,2981310.00 ,7298.3,7300.5,7243,7348,7233.5,4.33213
2019/12/29,7,507.955,3748850.00 ,7380.28,7383,7300,7524.5,7279,20.665
2019/12/30,1,421.866,3075450.00 ,7290.11,7218.5,7382.5,7384.5,7198,26.0308
2019/12/31,2,438.893,3162040.00 ,7204.59,7169,7218,7305.5,7116.5,26.8859
2020/1/1,3,288.176,2073450.00 ,7195.08,7180.5,7168.5,7234,7154.5,17.0554
2020/1/2,4,524.197,3696390.00 ,7051.53,6946.5,7180.5,7183.5,6910.5,-15.7577
2020/1/3,5,1061.92,7664190.00 ,7217.32,7338.5,6947,7411.5,6854.5,25.1932
2020/1/4,6,453.259,3318230.00 ,7320.81,7345.5,7338.5,7398.5,7259.5,15.1298
2020/1/5,7,633.734,4703040.00 ,7421.15,7349.5,7345.5,7488.5,7301.5,13.8711
2020/1/6,1,863.133,6529210.00 ,7564.55,7759.5,7350,7813.5,7341.5,26.873
2020/1/7,2,1528.08,12156100.00 ,7955.1,8152.5,7759.5,8212.5,7734.5,35.6733
2020/1/8,3,1744.5,14352600.00 ,8227.36,8047.5,8152.5,8461.5,7871.5,-33.6453
2020/1/9,4,1006.38,7941730.00 ,7891.35,7812.5,8048,8049.5,7742.5,-30.5532
2020/1/10,5,1297.63,10304000.00 ,7940.61,8200,7812.5,8202,7676,34.0769
2020/1/11,6,812.927,6602720.00 ,8122.16,8025,8199.5,8290,8008,-9.77409
2020/1/12,7,587.66,4765020.00 ,8108.47,8185,8025,8190,7965.5,29.648
2020/1/13,1,444.399,3601520.00 ,8104.26,8104.5,8184.5,8196,8038.5,9.5607
2020/1/14,2,2009.93,17286700.00 ,8600.63,8828.5,8104.5,8894,8104,43.7656
2020/1/15,3,1266.65,11094500.00 ,8758.9,8814,8828.5,8911,8576,-11.5352
2020/1/16,4,804.97,6988040.00 ,8681.12,8718.5,8814,8854,8584,-4.35809
2020/1/17,5,1080.36,9589980.00 ,8876.67,8902,8718.5,9021.5,8672.5,11.5668
2020/1/18,6,604.004,5375860.00 ,8900.36,8917.5,8902.5,8984.5,8810,-3.13089
2020/1/19,7,1236.51,10899500.00 ,8814.73,8701,8917.5,9188,8452,0.178453
2020/1/20,1,621.272,5365800.00 ,8636.8,8636.5,8701,8741,8511.5,-2.2839
2020/1/21,2,570.297,4929810.00 ,8644.28,8727,8636,8772.5,8470,12.7028
2020/1/22,3,385.041,3338150.00 ,8669.6,8664.5,8727,8799,8565,6.56616
2020/1/23,4,778.812,6573250.00 ,8440.1,8396.5,8665,8673,8283,-16.9219
2020/1/24,5,702.116,5887860.00 ,8385.87,8427,8397,8517.5,8223,-9.61398
2020/1/25,6,455.827,3795510.00 ,8326.64,8325.5,8427,8431.5,8258,0.488609
2020/1/26,7,574.405,4853970.00 ,8450.44,8596,8325.5,8599,8287,18.5497
2020/1/27,1,871.191,7633760.00 ,8762.44,8895.5,8596,8992,8569,24.9958
2020/1/28,2,1301.23,11811200.00 ,9076.94,9402,8895.5,9424,8874,22.6822
2020/1/29,3,867.397,8099060.00 ,9337.2,9289.5,9400.5,9446,9226.5,7.89347
2020/1/30,4,1072.34,10059300.00 ,9380.66,9508.5,9289.5,9575,9104.5,20.4638
2020/1/31,5,753.905,7041540.00 ,9340.08,9346,9509,9528,9208,-37.9693
2020/2/1,6,528.334,4954420.00 ,9377.43,9379.5,9346,9465,9283,0.111026
2020/2/2,7,816.319,7643980.00 ,9363.96,9331.5,9380,9476,9138,24.3106
2020/2/3,1,859.398,8048300.00 ,9365.04,9281.5,9331,9631.5,9220,-23.5501
2020/2/4,2,669.632,6162500.00 ,9202.82,9170.5,9281.5,9346,9085,-16.2573
2020/2/5,3,1003.02,9515870.00 ,9487.25,9623.5,9170.5,9777,9158.5,60.6916
2020/2/6,4,1067.88,10375500.00 ,9715.96,9751.5,9623.5,9877,9530,9.66285
2020/2/7,5,732.168,7167050.00 ,9788.79,9810.5,9751.5,9889.5,9714,-41.2307
2020/2/8,6,715.579,7028470.00 ,9822.09,9909.5,9810.5,9959.5,9667,11.5169
2020/2/9,7,787.896,7942710.00 ,10080.9,10168.5,9910,10182,9897,18.7233
2020/2/10,1,1082.78,10753700.00 ,9931.57,9856.5,10169,10196,9750,-58.1947
2020/2/11,2,1189.01,11951300.00 ,10051.5,10281,9856,10410,9716.5,46.5675
2020/2/12,3,1049.65,10874400.00 ,10360.1,10364,10281,10500,10257.5,-5.10136
2020/2/13,4,1380.3,14211700.00 ,10296.1,10245,10364,10549.5,10085,9.04796
2020/2/14,5,814.701,8363270.00 ,10265.4,10373.5,10245,10401.5,10118.5,-11.021
2020/2/15,6,872.818,8803660.00 ,10086.5,9911,10373,10411,9770,-22.8477
2020/2/16,7,854.286,8445410.00 ,9885.94,9937,9911,10054.5,9635.5,10.0249
2020/2/17,1,975.637,9465780.00 ,9702.16,9713,9937,9974,9456.5,-7.7637
2020/2/18,2,992.902,9859720.00 ,9930.21,10196,9713.5,10300,9621.5,14.081
2020/2/19,3,1263.81,12599400.00 ,9969.38,9602,10196.5,10321.5,9267.5,-12.7156
2020/2/20,4,744.937,7134690.00 ,9577.57,9615.5,9602,9705.5,9392.5,-0.376186
2020/2/21,5,524.848,5087710.00 ,9693.68,9703.5,9615.5,9779.5,9560,30.8369
2020/2/22,6,294.624,2847910.00 ,9666.26,9676.5,9703.5,9724.5,9577.5,7.14076
2020/2/23,7,576.324,5705330.00 ,9899.52,9970,9676.5,10035.5,9676,8.76362
2020/2/24,1,747.72,7281370.00 ,9738.1,9662,9970.5,10032.5,9485.5,-2.26196
2020/2/25,2,782.62,7416320.00 ,9476.28,9318.5,9662.5,9694.5,9238.5,-24.5618
2020/2/26,3,1218.88,10948500.00 ,8982.44,8784,9318.5,9371,8591,-40.4921
2020/2/27,4,777.507,6826160.00 ,8779.56,8822,8784,8970,8530.5,-14.1673
2020/2/28,5,868.617,7523440.00 ,8661.4,8715,8822,8903,8441,-24.5601
2020/2/29,6,436.889,3791300.00 ,8677.96,8535,8713.5,8807.5,8535,-23.2995
2020/3/1,7,656.004,5620570.00 ,8567.89,8527.5,8535.5,8761,8405,0.903788
2020/3/2,1,591.905,5188640.00 ,8766,8919,8527.5,8970,8491,5.13799
2020/3/3,2,729.708,6415890.00 ,8792.4,8762,8919.5,8925.5,8669,-29.0499
2020/3/4,3,453.569,3972970.00 ,8759.34,8762.5,8762,8852.5,8675,-10.0612
2020/3/5,4,701.395,6326100.00 ,9019.31,9074.5,8762,9173.5,8762,-4.02997
2020/3/6,5,495.341,4509420.00 ,9103.65,9158.5,9074.5,9185,9006,-3.28286
2020/3/7,6,534.465,4831390.00 ,9039.69,8906.5,9159,9224,8866,-27.119
2020/3/8,7,978.866,8280350.00 ,8459.13,8041.5,8906.5,8906.5,8007.5,-62.9043
2020/3/9,1,1413.89,11113200.00 ,7860.01,7933.5,8041.5,8185,7636,-6.47698
2020/3/10,2,987.925,7853790.00 ,7949.78,7888.5,7934,8154,7732,-18.0235
2020/3/11,3,872.637,6820910.00 ,7816.43,7940,7889,7985.5,7590.5,17.689
2020/3/12,4,2940.21,18732500.00 ,6371.15,4585,7940,7969.5,4418,-36.5397
2020/3/13,5,2862.55,14691800.00 ,5132.43,5591,4585,5898.5,3730,39.9239
2020/3/14,6,771.855,4158710.00 ,5387.94,5168,5591,5662.5,5046.5,-1.25226
2020/3/15,7,809.943,4381970.00 ,5410.22,5344.5,5165,5964.5,5086,0.02246
2020/3/16,1,1312.41,6428590.00 ,4898.31,5038.5,5344.5,5344.5,4398,9.89094
2020/3/17,2,943.526,4997800.00 ,5296.94,5328.5,5038.5,5565,4931,26.7029
2020/3/18,3,821.525,4324870.00 ,5264.44,5410,5328,5441.5,5010,17.4884
2020/3/19,4,1043.33,6166540.00 ,5910.44,6183,5410,6440,5259,22.8683
2020/3/20,5,1527.8,9739640.00 ,6374.94,6206.5,6183,6938,5652.5,-2.48953
2020/3/21,6,884.838,5456120.00 ,6166.23,6190.5,6206.5,6447,5864,7.13009
2020/3/22,7,860.624,5243210.00 ,6092.34,5815,6191,6420,5735,-34.146
2020/3/23,1,989.387,6135110.00 ,6200.92,6494.5,5815,6644.5,5677,43.3612
2020/3/24,2,898.554,5980620.00 ,6655.82,6763,6494,6869.5,6405.5,-9.21751
2020/3/25,3,803.884,5368720.00 ,6678.48,6686.5,6763,6981.5,6456.5,-1.02557
2020/3/26,4,583.628,3888890.00 ,6663.3,6760,6686,6795,6506,11.0283
2020/3/27,5,713.39,4741020.00 ,6645.76,6361.5,6760,6876,6259.5,-23.7897
2020/3/28,6,752.658,4673040.00 ,6208.71,6247.5,6361.5,6362,6025,-6.79431
2020/3/29,7,582.891,3532470.00 ,6060.26,5867.5,6247.5,6273.5,5862.5,-21.9457
2020/3/30,1,873.774,5508480.00 ,6304.24,6400,5867.5,6634,5843,52.686
2020/3/31,2,584.583,3767180.00 ,6444.22,6424,6400,6530,6325,-6.40526
2020/4/1,3,785.253,4991170.00 ,6356.13,6670.5,6424,6718.5,6155,12.4204
2020/4/2,4,1247.51,8509300.00 ,6821.01,6799,6670.5,7273.5,6571.5,10.9582
2020/4/3,5,876.675,5988460.00 ,6830.88,6738.5,6798.5,7060,6610,-17.4607
2020/4/4,6,804.89,5475350.00 ,6802.6,6871,6738.5,7020.5,6642,-9.72839
2020/4/5,7,521.835,3543000.00 ,6789.5,6775.5,6871,6911,6661,-11.9013
2020/4/6,1,909.711,6458770.00 ,7099.8,7339,6775.5,7375,6767.5,34.8
2020/4/7,2,887.405,6484520.00 ,7307.29,7195,7339.5,7475,7080,-26.565
2020/4/8,3,746.16,5451130.00 ,7305.58,7365.5,7195.5,7432,7150.5,16.6922
2020/4/9,4,648.168,4719760.00 ,7281.69,7293,7365.5,7372,7108,-14.2796
2020/4/10,5,886.649,6168240.00 ,6956.8,6868.5,7292.5,7307,6751.5,-31.8879
2020/4/11,6,413.951,2839620.00 ,6859.79,6882,6868,6953.5,6767,-1.36026
2020/4/12,7,650.732,4551720.00 ,6994.77,6906,6882,7194,6784,29.8972
2020/4/13,1,843.128,5685210.00 ,6743.01,6858,6906,6914,6551,-0.721548
2020/4/14,2,602.049,4142420.00 ,6880.54,6873,6857.5,6986.5,6764.5,-11.0412
2020/4/15,3,579.172,3924590.00 ,6776.2,6620.5,6873,6935,6609.5,-21.6805
2020/4/16,4,1245.7,8625720.00 ,6924.41,7110.5,6620.5,7223.5,6464.5,67.8156
2020/4/17,5,575.915,4072330.00 ,7071.07,7027.5,7111,7152,7001.5,-14.392
2020/4/18,6,463.58,3326410.00 ,7175.48,7254,7027,7301,7022.5,32.1905
2020/4/19,7,479.48,3432310.00 ,7158.39,7126,7254.5,7269.5,7056.5,-21.2036
2020/4/20,1,861.347,6022940.00 ,6992.46,6833,7126,7224,6755,-31.2626
2020/4/21,2,518.702,3557640.00 ,6858.74,6848.5,6833,6948.5,6773,12.7202
2020/4/22,3,488.29,3428430.00 ,7021.31,7134,6848.5,7167,6821.5,25.7535
2020/4/23,4,913.657,6728610.00 ,7364.49,7493,7133.5,7801,7033,33.5708
2020/4/24,5,553.487,4159620.00 ,7515.3,7509,7492.5,7613,7388,6.95229
2020/4/25,6,519.991,3928760.00 ,7555.44,7539,7509,7722.5,7429.5,-8.18995
2020/4/26,7,554.369,4218890.00 ,7610.27,7703,7539.5,7717,7459,11.2894
2020/4/27,1,540.675,4169850.00 ,7712.31,7786.5,7703.5,7813,7629,9.46012
2020/4/28,2,351.315,2713930.00 ,7725.05,7749.5,7786,7796.5,7663.5,-6.31005
2020/4/29,3,2127.49,18024800.00 ,8472.31,8789,7751.5,8974,7718.5,75.9783
2020/4/30,4,2717.55,24307000.00 ,8944.44,8628.5,8789,9482.5,8409,-22.8113
2020/5/1,5,1161.49,10234900.00 ,8811.92,8831.5,8628.5,9073,8623,12.9123
2020/5/2,6,792.403,7042200.00 ,8887.15,8982,8831.5,9022,8756.5,5.63562
2020/5/3,7,1338.39,12003600.00 ,8968.71,8905,8981.5,9205.5,8728,-19.2791
2020/5/4,1,1123.05,9841490.00 ,8763.18,8883,8905,8972,8529,-1.66471
2020/5/5,2,1011.15,9037100.00 ,8937.46,9021.5,8883,9120,8764,-5.04263
2020/5/6,3,1324.85,12184800.00 ,9197.13,9151,9021.5,9416.5,8916,0.903132
2020/5/7,4,2122.48,20379700.00 ,9601.83,10010,9151,10098.5,9025.5,56.6987
2020/5/8,5,1382.78,13714100.00 ,9917.8,9813,10010,10057,9718,-27.3495
2020/5/9,6,1301.13,12631700.00 ,9708.2,9550.5,9813.5,9919.5,9532,-37.1203
2020/5/10,7,3199.47,27682300.00 ,8652.15,8724.5,9550.5,9585,8088,-17.4298
2020/5/11,1,2723.13,23657300.00 ,8687.56,8567.5,8725,9170,8165,-20.9994
2020/5/12,2,927.516,8144030.00 ,8780.47,8818.5,8567,8983,8537,15.363
2020/5/13,3,991.816,9018570.00 ,9092.98,9310.5,8818,9412,8803.5,23.2995
2020/5/14,4,1792.38,17302800.00 ,9653.52,9796.5,9310.5,9960,9265,42.2179
2020/5/15,5,1931.69,18318300.00 ,9483.07,9309,9796.5,9855,9097.5,-54.8463
2020/5/16,6,1070.14,10063500.00 ,9403.89,9377,9308.5,9589,9215,7.42159
2020/5/17,7,1042.34,10061600.00 ,9652.89,9675,9377,9898,9324,6.39144
2020/5/18,1,1321.36,12835700.00 ,9714.04,9727,9675,9974,9420,15.7319
2020/5/19,2,1532.12,14819800.00 ,9672.7,9782,9727.5,9912,9467,-6.58391
2020/5/20,3,1055.76,10137700.00 ,9602.23,9506.5,9782.5,9843,9290,-36.3759
2020/5/21,4,1484.33,13603300.00 ,9164.66,9056.5,9506.5,9565.5,8801.5,-18.6233
2020/5/22,5,770.504,7018120.00 ,9108.48,9164,9056.5,9264.5,8925,16.532
2020/5/23,6,580.493,5337200.00 ,9194.26,9171,9163.5,9306.5,9081,-2.38129
2020/5/24,7,1107.07,9992680.00 ,9026.22,8706.5,9171,9300,8668.5,-53.9477
2020/5/25,1,905.144,7970990.00 ,8806.32,8892,8706,8975.5,8614,13.0154
2020/5/26,2,877.625,7766030.00 ,8848.91,8836,8892.5,9010,8683.5,-4.45928
2020/5/27,3,812.007,7356680.00 ,9059.88,9202,8836,9230,8813,35.3023
2020/5/28,4,916.209,8578110.00 ,9362.61,9580.5,9202,9630,9107,45.7086
2020/5/29,5,788.03,7450560.00 ,9454.67,9423,9580.5,9610,9320,-19.6512
2020/5/30,6,874.33,8332770.00 ,9530.46,9702.5,9423.5,9746.5,9322,21.4769
2020/5/31,7,638.258,6085130.00 ,9533.97,9443,9702.5,9708.5,9375,-54.2486
2020/6/1,1,1097.51,10806300.00 ,9846.18,10238,9443,10444,9418,58.777
2020/6/2,2,1294.24,12602600.00 ,9737.43,9520,10238,10261.5,9262,-4.02967
2020/6/3,3,577.916,5520370.00 ,9552.2,9662.5,9520,9691.5,9382,10.8995
2020/6/4,4,914.496,8868510.00 ,9697.7,9795,9663,9890,9430,-20.7297
2020/6/5,5,831.497,8090060.00 ,9729.51,9615,9795.5,9858,9591.5,-25.9549
2020/6/6,6,425.643,4100540.00 ,9633.75,9669,9615,9735,9531,5.82966
2020/6/7,7,782.104,7509950.00 ,9602.23,9755.5,9669,9826,9356.5,-6.04297
2020/6/8,1,470.548,4576370.00 ,9725.6,9788.5,9755.5,9812,9637.5,3.36771
2020/6/9,2,667.462,6491640.00 ,9725.86,9783,9789,9898.5,9550,-15.5315
2020/6/10,3,674.645,6632100.00 ,9830.51,9889,9782.5,10038,9700,18.3571
2020/6/11,4,1316.42,12538300.00 ,9524.57,9263,9889,9987,9040,-62.1581
2020/6/12,5,659.678,6208590.00 ,9411.55,9459,9262.5,9545,9223,-3.22207
2020/6/13,6,398.717,3756320.00 ,9421.04,9474.5,9459.5,9500,9340.5,-0.330396
2020/6/14,7,472.675,4429840.00 ,9371.84,9331,9474.5,9480,9238.5,-24.7722
2020/6/15,1,1242.74,11428800.00 ,9196.47,9422.5,9331,9501,8901,-12.2962
2020/6/16,2,651.105,6181570.00 ,9493.96,9520.5,9422.5,9599,9377.5,-10.2853
2020/6/17,3,641.827,6046580.00 ,9420.88,9452.5,9520.5,9587.5,9240,4.37178
2020/6/18,4,518.438,4867190.00 ,9388.18,9375,9452.5,9495.5,9266,-1.80431
2020/6/19,5,739.432,6893500.00 ,9322.69,9297,9375,9464,9217.5,-27.2779
2020/6/20,6,483.708,4495670.00 ,9294.18,9356,9297,9392,9152,15.091
2020/6/21,7,339.744,3175240.00 ,9345.97,9284,9356,9447,9260,-2.7744
2020/6/22,1,669.562,6381940.00 ,9531.52,9693,9284.5,9793,9268.5,65.8284
2020/6/23,2,391.784,3776280.00 ,9638.7,9625,9693.5,9728.5,9578.5,-10.1646
2020/6/24,3,858.117,8054300.00 ,9386.01,9286.5,9625.5,9670,9183.5,-52.7816
2020/6/25,4,767.79,7063240.00 ,9199.44,9237,9286.5,9338.5,8984.5,-19.0668
2020/6/26,5,773.504,7083940.00 ,9158.24,9148,9237.5,9291.5,9027.5,-38.1376
2020/6/27,6,694.626,6280720.00 ,9041.88,8997.5,9148,9185,8823.5,-8.29492
2020/6/28,7,490.727,4450930.00 ,9070.06,9112,8998,9184,8926.5,22.0709
2020/6/29,1,585.638,5337110.00 ,9113.33,9183.5,9112,9234,9012.5,12.261
2020/6/30,2,437.317,3996180.00 ,9137.96,9130.5,9184,9197.5,9053.5,-8.2079
2020/7/1,3,469.136,4315070.00 ,9197.9,9234,9130.5,9296.5,9084.5,19.9455
2020/7/2,4,722.539,6591010.00 ,9122.01,9085,9234.5,9258.5,8932.5,-28.7943
2020/7/3,5,292.21,2655060.00 ,9086.13,9057,9085.5,9122.5,9038,-18.4192
2020/7/4,6,313.873,2860480.00 ,9113.49,9141,9056.5,9197,9041.5,27.8528
2020/7/5,7,456.251,4124540.00 ,9040.07,9079,9140.5,9147,8903.5,-2.95014
2020/7/6,1,564.136,5209020.00 ,9233.63,9345.5,9079,9380,9064,30.2133
2020/7/7,2,396.823,3678110.00 ,9268.9,9251.5,9346,9392,9205,-3.29749
2020/7/8,3,521.068,4879290.00 ,9364.02,9436,9252,9475.5,9236.5,40.993
2020/7/9,4,614.055,5708820.00 ,9296.92,9234,9436.5,9438.5,9157,-19.1136
2020/7/10,5,431.653,3971120.00 ,9199.79,9285,9234,9319,9113.5,16.7574
2020/7/11,6,281.33,2597420.00 ,9232.64,9231.5,9285,9298,9176,-13.992
2020/7/12,7,442.622,4095480.00 ,9252.76,9302,9231.5,9353.5,9157,11.2669
2020/7/13,1,410.356,3807350.00 ,9278.16,9235.5,9302,9349.5,9200,3.76749
2020/7/14,2,451.398,4154680.00 ,9204.02,9254.5,9235,9277,9077,-1.28186
2020/7/15,3,316.036,2911220.00 ,9211.67,9190,9255,9272.5,9153,-7.18797
2020/7/16,4,510.099,4650180.00 ,9116.22,9130,9190,9212,9030.5,-4.07748
2020/7/17,5,261.938,2393510.00 ,9137.69,9152,9130.5,9179,9083.5,-24.2491
2020/7/18,6,217.518,1993690.00 ,9165.63,9172.5,9151.5,9221.5,9123.5,11.0143
2020/7/19,7,266.521,2441840.00 ,9161.9,9211,9173,9241.5,9099.5,8.258
2020/7/20,1,237.446,2178490.00 ,9174.66,9161,9211,9224,9135.5,10.1109
2020/7/21,2,606.039,5653580.00 ,9328.74,9392.5,9161,9442,9158.5,68.0387
2020/7/22,3,447.342,4206140.00 ,9402.5,9534.5,9393,9570,9284,31.0059
2020/7/23,4,585.777,5594870.00 ,9551.19,9606.5,9534.5,9684,9455.5,26.1138
2020/7/24,5,484.389,4628230.00 ,9554.78,9546,9606.5,9647.5,9473.5,1.7398
2020/7/25,6,485.141,4679020.00 ,9644.66,9708.5,9546,9752.5,9537.5,33.3277
2020/7/26,7,1017.73,10108200.00 ,9932.09,9936,9709,10274.5,9666.5,49.342
2020/7/27,1,2974.7,31643700.00 ,10637.6,11063,9936.5,11447.5,9936,63.0036
2020/7/28,2,2244.36,24653400.00 ,10984.6,10936,11063.5,11275.5,10589,-35.7216
2020/7/29,3,1674.73,18648500.00 ,11135.2,11114.5,10936.5,11368.5,10866,-15.3842
2020/7/30,4,992.046,10945800.00 ,11033.6,11115,11114,11194.5,10834.5,-11.6892
2020/7/31,5,1298.11,14605900.00 ,11251.6,11360.5,11115,11471.5,10978,39.6517
2020/8/1,6,1613.85,18789200.00 ,11642.5,11830.5,11360.5,11913.5,11247.5,31.7523
2020/8/2,7,2501.15,28266200.00 ,11301.3,11070,11830.5,12169,10537.5,-59.548
2020/8/3,1,1173.1,13221300.00 ,11270.4,11237,11070.5,11484,10938,8.28633
2020/8/4,2,970.243,10898700.00 ,11233,11193,11236.5,11427,10994,-17.0125
2020/8/5,3,1359.15,15685200.00 ,11540.4,11760.5,11193.5,11800,11100.5,18.2544
2020/8/6,4,1192.56,14025900.00 ,11761.2,11770.5,11761,11919,11581,9.74132
2020/8/7,5,1423.09,16591800.00 ,11659,11603.5,11770.5,11933,11331,-82.6712
2020/8/8,6,765.234,8949410.00 ,11695,11778,11604,11822,11528,-60.0745
2020/8/9,7,674.086,7866420.00 ,11669.8,11692,11777.5,11815,11534,8.26775
2020/8/10,1,1701.88,20198400.00 ,11868.3,11904,11691.5,12100,11455.5,34.8492
2020/8/11,2,2205.32,25391500.00 ,11513.8,11385,11903.5,11947,11120,-116.716
2020/8/12,3,1180.67,13509500.00 ,11442.3,11568,11385.5,11627,11111,-24.2183
2020/8/13,4,1462.18,16885400.00 ,11548.2,11806.5,11568.5,11826.5,11280,7.88718
2020/8/14,5,932.229,10967600.00 ,11764.9,11773.5,11806,11873.5,11641,-44.3265
2020/8/15,6,1051.97,12495700.00 ,11878.4,11863.5,11773.5,11999,11675,-13.4312
2020/8/16,7,713.144,8444490.00 ,11841.2,11924,11863.5,11944.5,11700,-14.1287
2020/8/17,1,1722.48,20938500.00 ,12156,12303,11924,12491,11780.5,-10.5622
2020/8/18,2,1332.32,16117000.00 ,12096.9,11957.5,12303,12404.5,11814,-68.6151
2020/8/19,3,1144.69,13478800.00 ,11775,11769.5,11958,12028,11564,-43.3122
2020/8/20,4,563.399,6645390.00 ,11795.2,11865,11769.5,11891.5,11677,8.48595
2020/8/21,5,889.004,10397800.00 ,11696,11533,11865.5,11881.5,11475,-63.5171
2020/8/22,6,597.017,6891850.00 ,11543.8,11673.5,11533,11686.5,11380,19.705
2020/8/23,7,457.951,5321280.00 ,11619.8,11656,11673.5,11717.5,11525.5,-12.6584
2020/8/24,1,555.03,6520950.00 ,11748.8,11761.5,11656.5,11833.5,11603.5,21.2463
2020/8/25,2,1261.36,14438800.00 ,11447,11325.5,11761.5,11769,11114,-93.7409
2020/8/26,3,738.191,8414360.00 ,11398.6,11469.5,11326,11548,11253.5,12.3594
2020/8/27,4,1074.83,12202100.00 ,11352.5,11334,11470,11599,11132,-13.6859
2020/8/28,5,551.166,6308520.00 ,11445.8,11530,11334.5,11550,11290,30.2407
2020/8/29,6,392.956,4520970.00 ,11505,11475.5,11530,11593,11426.5,-3.7094
2020/8/30,7,510.551,5934560.00 ,11623.8,11720,11476,11727,11465.5,49.9606
2020/8/31,1,609.666,7123710.00 ,11684.6,11660,11720,11783.5,11582,-15.9727
2020/9/1,2,947.7,11260300.00 ,11881.7,11937.5,11659.5,12074.5,11525.5,34.714
2020/9/2,3,1267.71,14605200.00 ,11520.9,11400.5,11937.5,11962.5,11155,-57.1919
2020/9/3,4,1840.22,19887100.00 ,10806.9,10148.5,11400.5,11477,9931.5,-131.973
2020/9/4,5,1310.78,13543000.00 ,10332,10455,10149,10631.5,9893.5,-28.8758
2020/9/5,6,1425.06,14494800.00 ,10171.4,10157.5,10455,10564,9821.5,-17.3565
2020/9/6,7,653.723,6661860.00 ,10190.6,10252,10158,10342.5,10004.5,-0.695412
2020/9/7,1,853.85,8646730.00 ,10126.8,10372,10252.5,10412.5,9876,13.3925
2020/9/8,2,1025.87,10352600.00 ,10091.6,10126,10372,10443.5,9833,-10.3386
2020/9/9,3,481.125,4900330.00 ,10185.2,10220.5,10126,10343,9986.5,5.23627
2020/9/10,4,616.794,6380050.00 ,10343.9,10340,10221,10490,10213,45.1079
2020/9/11,5,426.029,4386730.00 ,10296.8,10392,10340.5,10404,10205.5,16.009
2020/9/12,6,334.152,3465400.00 ,10370.7,10440,10392,10480,10271.5,7.99676
2020/9/13,7,509.978,5294280.00 ,10381.4,10321.5,10439.5,10579,10213,8.0883
2020/9/14,1,727.879,7673030.00 ,10541.6,10674.5,10323,10755,10250.5,33.3216
2020/9/15,2,839.129,9046830.00 ,10781.2,10781,10674,10928.5,10610,16.7542
2020/9/16,3,843.292,9202510.00 ,10912.6,10947.5,10781,11095.5,10662,16.5938
2020/9/17,4,672.198,7312140.00 ,10878,10937,10947.5,11044,10747.5,-1.04426
2020/9/18,5,479.368,5234630.00 ,10919.9,10925.5,10937,11038.5,10813,4.78274
2020/9/19,6,467.073,5152810.00 ,11032.1,11077.5,10925.5,11174,10890.5,8.62507
2020/9/20,7,483.472,5268620.00 ,10897.5,10915,11077,11077.5,10758.5,-0.455408
2020/9/21,1,968.244,10252300.00 ,10588.5,10402,10915,10989,10281,-60.1953
2020/9/22,2,475.797,4976930.00 ,10460.2,10524.5,10402,10570,10348.5,9.25509
2020/9/23,3,614.375,6371260.00 ,10370.3,10231,10524,10531.5,10132.5,-26.5298
2020/9/24,4,710.826,7473600.00 ,10514,10734,10231.5,10799,10188.5,50.7067
2020/9/25,5,559.74,5963930.00 ,10654.8,10685,10734,10757,10550.5,13.0917
2020/9/26,6,357.864,3836390.00 ,10720.2,10727.5,10685.5,10832.5,10651.5,28.316
2020/9/27,7,384.859,4120040.00 ,10705.3,10774.5,10727.5,10797.5,10590.5,0.975117
2020/9/28,1,614.368,6671010.00 ,10858.3,10691,10774.5,10960.5,10637.5,0.821894
2020/9/29,2,510.847,5480030.00 ,10727.3,10839,10690.5,10856,10627,-6.2574
2020/9/30,3,484.04,5196460.00 ,10735.6,10773.5,10839,10846,10663,-17.2855
2020/10/1,4,837.695,8967820.00 ,10705.3,10610,10773.5,10939,10441,-30.6602
2020/10/2,5,625.435,6570960.00 ,10506.2,10568.5,10610.5,10657,10376.5,8.80443
2020/10/3,6,285.496,3011360.00 ,10547.8,10542.5,10568,10603.5,10499,-10.7489
2020/10/4,7,284.357,3017340.00 ,10611.1,10673,10542.5,10692,10518,8.38409
2020/10/5,1,415.184,4444400.00 ,10704.7,10785.5,10672.5,10794.5,10615.5,20.7299
2020/10/6,2,636.645,6789250.00 ,10664.1,10597,10785.5,10793,10521.5,-16.7078
2020/10/7,3,304.855,3236830.00 ,10617.6,10667.5,10597.5,10675,10555,8.7649
2020/10/8,4,774.128,8329340.00 ,10759.6,10924.5,10668,10964.5,10528.5,55.971
2020/10/9,5,543.398,5975920.00 ,10997.3,11060,10925,11112,10827,30.0484
2020/10/10,6,825.232,9361530.00 ,11344.1,11305,11060,11492.5,11059.5,20.1592
2020/10/11,7,518.545,5893240.00 ,11365,11370.5,11305,11449,11278,-8.90648
2020/10/12,1,1009.26,11578100.00 ,11471.9,11541.5,11370,11725,11185.5,8.40506
2020/10/13,2,794.931,9095960.00 ,11442.4,11420,11541.5,11575,11308,-23.4972
2020/10/14,3,719.235,8206000.00 ,11409.3,11423.5,11420,11554.5,11292,-9.70955
2020/10/15,4,723.865,8265720.00 ,11418.9,11505.5,11424,11626.5,11237.5,11.0883
2020/10/16,5,681.481,7724860.00 ,11335.4,11322,11506,11540,11185,-43.4907
2020/10/17,6,320.118,3629550.00 ,11338.1,11358,11322,11410,11261.5,28.469
2020/10/18,7,350.617,4009680.00 ,11436.1,11511.5,11357.5,11520,11341,15.5099
2020/10/19,1,891.702,10376800.00 ,11637.1,11752.5,11512,11835.5,11419,38.4395
2020/10/20,2,1234.55,14658700.00 ,11873.8,11923.5,11752.5,12059,11686,18.9601
2020/10/21,3,2647.58,33313400.00 ,12582.6,12815,11923.5,13250,11897.5,139.633
2020/10/22,4,1503.21,19469800.00 ,12952.2,13005,12815.5,13224,12694,2.88174
2020/10/23,5,894.63,11557600.00 ,12918.9,12938,13005,13047,12742,37.874
2020/10/24,6,674.051,8796120.00 ,13049.6,13125.5,12938,13186,12888,22.8351
2020/10/25,7,941.17,12311100.00 ,13080.7,13042,13125,13375.5,12807.5,0.861943
2020/10/26,1,1532.48,19984500.00 ,13040.6,13069,13042,13250,12770.5,-1.95911
2020/10/27,2,1801.17,24248900.00 ,13462.9,13650,13068.5,13796,13060.5,98.3014
2020/10/28,3,1963.7,26280300.00 ,13383,13272.5,13650,13868,12892.5,-122.16
2020/10/29,4,1496,19960700.00 ,13342.7,13469.5,13272,13659.5,12988,31.6006
2020/10/30,5,1507.76,20243600.00 ,13426.3,13567,13469.5,13681.5,13126,3.61136
2020/10/31,6,1452.8,20008300.00 ,13772.2,13808,13567,14149,13412,6.54661
2020/11/1,7,972.291,13385800.00 ,13767.3,13764.5,13807.5,13914,13631,-28.7718
2020/11/2,1,1773.47,24007200.00 ,13536.9,13566.5,13764,13844,13204.5,-5.52094
2020/11/3,2,1718.56,23428000.00 ,13632.4,14045,13567,14084,13295.5,81.1514
2020/11/4,3,2012.22,28031500.00 ,13930.7,14158,14045,14279.5,13536.5,-1.31627
2020/11/5,4,3731.79,55671700.00 ,14918.2,15610,14158.5,15784,14112.5,111.061
2020/11/6,5,2659.75,41537800.00 ,15617.2,15608.5,15610.5,15990,15214.5,-67.9489
2020/11/7,6,2618.51,39655300.00 ,15144.2,14842,15608.5,15810.5,14373.5,-135.406
2020/11/8,7,1648.7,25190900.00 ,15279.3,15509,14841.5,15677,14740,81.3185
2020/11/9,1,2760.01,42369800.00 ,15351.3,15332.5,15509,15887,14825,-105.391
2020/11/10,2,1417.67,21696200.00 ,15304.1,15318,15333,15490,15088,11.0262
2020/11/11,3,1914.26,30012600.00 ,15678.4,15715.5,15317.5,16026.5,15297,54.3764
2020/11/12,4,2903.99,46330900.00 ,15954.2,16315.5,15716,16370,15465,39.7664
2020/11/13,5,1647.17,26803000.00 ,16272.2,16353,16315.5,16499.5,15969,-43.8255
2020/11/14,6,1741.44,27810700.00 ,15969.9,16086,16353.5,16354,15713,-137.905
2020/11/15,7,1406.97,22488900.00 ,15983.9,15972.5,16086,16169.5,15795,-15.3148
2020/11/16,1,2318.5,38191000.00 ,16472.3,16719,15972,16888,15895,158.204
2020/11/17,2,3676.65,63661400.00 ,17315,17680.5,16719,17889,16570.5,-18.0798
2020/11/18,3,5255.23,94095400.00 ,17905.1,17795,17679,18509,17235,-182.998
2020/11/19,4,2459.48,43853800.00 ,17830.5,17835,17795.5,18210,17342,-24.7007
2020/11/20,5,2793.12,51410700.00 ,18406.2,18687.5,17835.5,18847,17781,48.6284
2020/11/21,6,1961.39,36713700.00 ,18718.2,18727,18687,18998,18309,-108.25
2020/11/22,7,2406.77,44185800.00 ,18359,18463.5,18726.5,18789,17652,-65.9368
2020/11/23,1,2190.18,40412800.00 ,18451.8,18393,18462.5,18812,18054,-92.8921
2020/11/24,2,3515.36,66515500.00 ,18921.4,19182.5,18392.5,19448.5,18060,-84.2244
2020/11/25,3,3080.82,58665200.00 ,19042.1,18731.5,19183,19565,18507,-138.627
2020/11/26,4,6056.02,104860000.00 ,17315,17167.5,18732,18931.5,16200,-294.356
2020/11/27,5,2346.9,39814100.00 ,16964.5,17147.5,17168,17471,16445.5,-24.0327
2020/11/28,6,1625.1,28273000.00 ,17397.7,17729,17147.5,17890,16878.5,28.1546
2020/11/29,7,1637.01,29483500.00 ,18010.5,18200.5,17729,18360,17529.5,12.2273
2020/11/30,1,3518.52,67365100.00 ,19145.9,19734.5,18201,19953,18201,230.637
2020/12/1,2,4622.72,88435100.00 ,19130.5,18773,19735,19967.5,18077,-183.085
2020/12/2,3,2382.12,45126900.00 ,18944,19228.5,18773.5,19366,18337,32.2489
2020/12/3,4,1965.32,37935800.00 ,19302.7,19450,19227.5,19640,18884,0.105007
2020/12/4,5,2286.46,43524900.00 ,19035.9,18661.5,19449.5,19553.5,18574,-242.887
2020/12/5,6,1087.48,20597200.00 ,18940.3,19160,18661.5,19185,18509,108.576
2020/12/6,7,1326.6,25432100.00 ,19170.9,19400.5,19160,19450,18869,-6.72525
2020/12/7,1,1250.51,23996800.00 ,19189.6,19195,19401,19464,18917,-6.66682
2020/12/8,2,2399.09,45097900.00 ,18798,18311,19195.5,19314.5,18166,-232.937
2020/12/9,3,2325.22,42288700.00 ,18187,18541.5,18306,18630,17645,45.0317
2020/12/10,4,1568.15,28640800.00 ,18264,18246,18541,18542,17894,-28.7863
2020/12/11,5,2170.66,38875000.00 ,17909.3,18024.5,18246.5,18278.5,17550,-81.9299
2020/12/12,6,1343.06,24853300.00 ,18504.9,18803,18025,18950,18020,109.072
2020/12/13,7,1597,30597200.00 ,19159.2,19177.5,18803.5,19439,18715,19.7879
2020/12/14,1,1142.59,21914000.00 ,19179.3,19270.5,19177.5,19350,19007.5,7.37521
2020/12/15,2,2040.17,39457900.00 ,19340.5,19436,19270,19585.5,19025.5,-50.7059
2020/12/16,3,3527.26,72075400.00 ,20433.8,21391,19436,21608.5,19283,251.74
2020/12/17,4,8053.05,183664000.00 ,22806.8,22828.5,21391.5,23850,21284,-3.03944
2020/12/18,5,2802.33,64079300.00 ,22866.5,23140.5,22828.5,23327.5,22354.5,99.2683
2020/12/19,6,3305.81,77894600.00 ,23562.9,23871,23140.5,24266,22759.5,46.775
2020/12/20,7,3239.31,76566900.00 ,23636.8,23480.5,23871,24349,23105.5,-90.0272
2020/12/21,1,4519.38,104269000.00 ,23071.5,22729.5,23480,24142,21898,-190.412
2020/12/22,2,2901.92,67021300.00 ,23095.5,23825,22729.5,23843.5,22395,124.625
2020/12/23,3,3611.78,84725400.00 ,23458.1,23250,23825.5,24171,22612,-160.918
2020/12/24,4,1969.79,45695500.00 ,23198.1,23737.5,23243.5,23819.5,22711,40.9971
2020/12/25,5,3150.23,76231600.00 ,24198.7,24721.5,23738,24780,23449,78.2302
2020/12/26,6,3901.73,99752400.00 ,25566.2,26525,24721.5,26899.5,24501,47.7352
2020/12/27,7,6431.77,174564000.00 ,27141,26228.5,26529.5,28397,25801.5,-156.3
2020/12/28,1,3290.5,88686700.00 ,26952.4,27013.5,26229,27510,26064,4.08558
2020/12/29,2,3024.09,80596100.00 ,26651.4,27385.5,27013,27424,25874,26.4217
2020/12/30,3,4601.27,129723000.00 ,28192.9,28892,27385.5,29037,27371.5,3.32719
2020/12/31,4,3897.94,112153000.00 ,28772.5,28955,28892.5,29362.5,27865.5,-38.8745
2021/1/1,5,2892.5,84675000.00 ,29273.9,29394.5,28955,29724,28715.5,-19.1541
2021/1/2,6,7449.32,234141000.00 ,31431.1,32214.5,29395,33433,29051,118.065
2021/1/3,7,7836.83,263075000.00 ,33569,33092,32214.5,34861,32013,-1.55602
2021/1/4,1,8395.13,261886000.00 ,31195,32050.5,33092,33662,27744,-49.5737
2021/1/5,2,6666.75,215115000.00 ,32266.9,34088,32050.5,34562.5,29930,41.0645
2021/1/6,3,7614.26,267066000.00 ,35074.4,36886.5,34088,37052.5,33381,76.261
2021/1/7,4,10514.3,404380000.00 ,38460.2,39500,36887,40544,36388,95.0355
2021/1/8,5,10724.7,427103000.00 ,39824.4,40614.5,39500.5,42097,36500,102.435
2021/1/9,6,5669.49,228997000.00 ,40391.2,40300,40615,41533,38700,-83.2703
2021/1/10,7,9304.69,360789000.00 ,38775,38221.5,40300.5,41550,34971,-244.604
2021/1/11,1,16071.9,542314000.00 ,33743,35324.5,38221,38298.5,30404,-276.926
2021/1/12,2,8050.28,279105000.00 ,34670.2,34037.5,35324.5,36744.5,32560,-146.19
2021/1/13,3,7498.67,261623000.00 ,34889.3,37421.5,34037,37850,32330.5,170.453
2021/1/14,4,6500.58,251600000.00 ,38704.2,39144.5,37421.5,40181.5,36750,-167.386
2021/1/15,5,7829.48,287669000.00 ,36741.8,36737,39144,39748.5,34295,-253.425
2021/1/16,6,5464.66,201399000.00 ,36854.9,35933.5,36737,37996,35323.5,-184.65
2021/1/17,7,4744.1,168358000.00 ,35487.8,35879.5,35932.5,36907.5,33834.5,34.6627
2021/1/18,1,4139.34,149591000.00 ,36138.8,36661,35879.5,37548.5,34768,-81.2575
2021/1/19,2,4343.14,160464000.00 ,36946.6,35843,36661.5,37955,35792.5,-123.917
2021/1/20,3,5165.99,180550000.00 ,34949.8,35538,35843.5,36428,33342.5,9.85902
2021/1/21,4,7009.26,226931000.00 ,32376,30821,35538,35641,30005,-156.487
2021/1/22,5,5683.29,178784000.00 ,31457.8,33000.5,30819.5,33850,28829.5,154.721
2021/1/23,6,3147.15,101813000.00 ,32350.8,32087.5,33001,33504,31443,-143.139
2021/1/24,7,2620.87,84262600.00 ,32150.6,32290.5,32087,33134,30948.5,32.606
2021/1/25,1,4005.94,133787000.00 ,33397.2,32240.5,32290.5,34881.5,31914,-23.816
2021/1/26,2,3469.83,110758000.00 ,31920.4,32508,32240,32940,30819.5,56.2125
2021/1/27,3,4720.06,145330000.00 ,30789.9,30387.5,32508.5,32571.5,29250,-111.579
2021/1/28,4,3724.98,119196000.00 ,31999,33459.5,30388.5,33830,29875.5,93.2506
2021/1/29,5,11204,400122000.00 ,35712.6,34220.5,33459.5,38735,32023.5,-171.54
2021/1/30,6,3036.03,103374000.00 ,34049.2,34330,34221,34947,32810,37.4192
2021/1/31,7,2696.55,90052800.00 ,33395.5,33136.5,34330,34387.5,32190,-124.327
2021/2/1,1,3096.49,104591000.00 ,33777.1,33532.5,33136,34797,32327,-22.1493
2021/2/2,2,3321.8,115890000.00 ,34887.8,35524.5,33533,36020,33444,88.7456
2021/2/3,3,3540.67,129743000.00 ,36643.7,37712.5,35524.5,37740,35433,39.5259
2021/2/4,4,4801.14,180124000.00 ,37516.9,37017,37712.5,38895,36191,-172.949
2021/2/5,5,3376.72,127426000.00 ,37736.7,38392.5,37016.5,38426.5,36638,17.1014
2021/2/6,6,5471.12,217936000.00 ,39833.9,39308,38393,41002.5,38314.5,-104.808
2021/2/7,7,4950,191600000.00 ,38707,38870,39308,39844.5,37458,-217.482
2021/2/8,1,12292.5,528154000.00 ,42965.4,46568.5,38870,47000,38032,-296.067
2021/2/9,2,7249.94,339160000.00 ,46781,46510,46552,48315.5,45000,-137.707
2021/2/10,3,6310.66,287992000.00 ,45635.9,44888,46510,47531,43758,-17.0933
2021/2/11,4,6718.87,315277000.00 ,46924.2,48103,44888.5,48838,44100,151.038
2021/2/12,5,6376.61,304052000.00 ,47682.4,47455,48103,49238,46163.5,-290.654
2021/2/13,6,3977.92,187943000.00 ,47246.4,47255.5,47455,48343,46250,-83.564
2021/2/14,7,5054.96,247041000.00 ,48871,48694.5,47255,49926.5,47150,23.2371
2021/2/15,1,6046.97,288366000.00 ,47687.7,47993.5,48694,49140,45830.5,-143.176
2021/2/16,2,7776.48,381207000.00 ,49020.5,49235,47994,50855,47070,-29.6715
2021/2/17,3,8673.99,441933000.00 ,50949.2,52188,49234.5,52735,49079.5,22.2496
2021/2/18,4,5972.21,309841000.00 ,51880.5,51613.5,52187.5,52667,50872,-259.845
2021/2/19,5,8639.2,463694000.00 ,53673.3,55850,51613.5,56395.5,50684,-125.468
2021/2/20,6,8138.82,458037000.00 ,56278.1,55968,55850,57699,54040,-200.665
2021/2/21,7,6396.59,366227000.00 ,57253.6,57452,55968.5,58500,55620.5,-200.247
2021/2/22,1,16004.6,855411000.00 ,53447.7,54060,57452,57585.5,47575,-515.215
2021/2/23,2,15931.1,776246000.00 ,48725.2,48853,54055,54141.5,44911,-476.797
2021/2/24,3,7168.28,356692000.00 ,49759.7,49743.5,48910.5,51432,47025,-73.8721
2021/2/25,4,7283.13,362785000.00 ,49811.6,47099.5,49743,52185.5,46700,-285.586
2021/2/26,5,8276.28,384861000.00 ,46501.7,46358.5,47096,48473.5,44119,31.4553
2021/2/27,6,4777.52,224299000.00 ,46948.8,46167,46358,48438.5,45006,-113.497
2021/2/28,7,6619.67,296134000.00 ,44735.4,45239.5,46166.5,46700,43024,59.7735
2021/3/1,1,6052.85,289572000.00 ,47840.6,49688.5,45236.5,49860,45087,114.786
2021/3/2,2,6061.02,294344000.00 ,48563.4,48511,49688,50299,47100,-280.762
2021/3/3,3,7238.35,367745000.00 ,50805,50352,48511,52760,48188,-61.3397
2021/3/4,4,8539.83,422048000.00 ,49421.1,48395,50351.5,51833.5,47538,-450.057
2021/3/5,5,7161.46,341894000.00 ,47740.9,48792.5,48395,49495,46300,-117.122
2021/3/6,6,4543.42,219337000.00 ,48275.7,48933.5,48792.5,49279.5,47080,3.49118
2021/3/7,7,5210.32,262248000.00 ,50332.3,50990,48933,51484.5,48933,-3.67135
2021/3/8,1,6489.74,330475000.00 ,50922.6,52529,50990,52550,49332,77.3524
2021/3/9,2,7191.87,388147000.00 ,53970.2,54967.5,52529,54967.5,51974.5,-135.054
2021/3/10,3,11532.7,642695000.00 ,55727.9,55852,54967.5,57500,53057.5,-440.925
2021/3/11,4,12503,706554000.00 ,56510.7,57818,55852,58283.5,54300,-381.134
2021/3/12,5,10743.6,610120000.00 ,56789.4,57217,57817.5,58152.5,55086,-532.606
2021/3/13,6,12726.1,757416000.00 ,59516.7,61167,57217,62000,56120,-76.8935
2021/3/14,7,8769.49,529452000.00 ,60374.3,58990,61166.5,61754.5,58985.5,-641.518
2021/3/15,1,14279.6,818232000.00 ,57300.7,55683,58989.5,60844,54570.5,-777.554
2021/3/16,2,9233.98,510432000.00 ,55277.5,57029.5,55683,57059,53199.5,-182.852
2021/3/17,3,11160.9,630527000.00 ,56494.1,58999.5,57029.5,59085,54151.5,-49.9572
2021/3/18,4,9840.41,576606000.00 ,58595.8,57644,58999.5,60200,57029,-471.74
2021/3/19,5,8294.59,483771000.00 ,58323.7,58050,57643.5,59546.5,56265,-220.584
2021/3/20,6,6456.14,380351000.00 ,58913,58118.5,58050,60000,57840,-59.8503
2021/3/21,7,7130.56,407945000.00 ,57210.8,57430,58118.5,58628,55400,-161.088
2021/3/22,1,8583.79,484569000.00 ,56451.7,54055.5,57430,58487.5,53623,-375.014
2021/3/23,2,7528.95,411487000.00 ,54654,54407.5,54055,55874.5,52992,-146.988
2021/3/24,3,10554,578444000.00 ,54807.9,52201.5,54408,57254.5,51611,-288.211
2021/3/25,4,9383.48,486921000.00 ,51891.2,51335,52201.5,53210,50462,-71.4074
2021/3/26,5,6515.08,347560000.00 ,53347,55113,51335.5,55143.5,51259,262.527
2021/3/27,6,6253.31,345817000.00 ,55301.5,55866.5,55113,56715.5,54022,-9.42825
2021/3/28,7,5292.67,295322000.00 ,55798.2,55790,55866.5,56580,54728,-95.9734
2021/3/29,1,7130.06,408040000.00 ,57228.2,57631.5,55790.5,58496.5,54947,19.563
2021/3/30,2,6437.05,377048000.00 ,58574.6,58733.5,57631.5,59518,57099.5,10.1993
2021/3/31,3,9779.59,574106000.00 ,58704.5,58822,58734,59920,56814.5,-412.713
2021/4/1,4,6223.94,366499000.00 ,58885.4,58788,58822,59563,58038,-377.936
2021/4/2,5,6311.31,374955000.00 ,59410,59026.5,58787.5,60365,58500,-120.363
2021/4/3,6,6382.24,374732000.00 ,58714.9,57061,59027,59899,56902,-612.622
2021/4/4,7,4370.78,251813000.00 ,57612.8,58255.5,57060.5,58546.5,56510,-100.216
2021/4/5,1,5132.5,299060000.00 ,58267.8,59293.5,58256,59350,56822,143.278
2021/4/6,2,5358.93,313407000.00 ,58483.2,57986.5,59294,59634,57432.5,-240.148
2021/4/7,3,7471.65,425749000.00 ,56982,55929.5,57987,58729,55511.5,-484.918
2021/4/8,4,4548.08,260368000.00 ,57248,58126.5,55929.5,58184,55706,-29.4491
2021/4/9,5,4736.63,276084000.00 ,58287.1,58129.5,58126,58943.5,57720,11.3597
2021/4/10,6,9059.13,544249000.00 ,60077.4,59724.5,58130,61573,57950.5,30.8218
2021/4/11,7,5389.89,322873000.00 ,59903.4,60016,59724.5,60791,59281,108.387
2021/4/12,1,5817.07,350548000.00 ,60262,59887,60015.5,61400,59447,71.0954
2021/4/13,2,8856.38,551844000.00 ,62310.4,63554.5,59887.5,63785.5,59887,125.37
2021/4/14,3,11137.9,705704000.00 ,63360.8,63019,63554.5,64990,61300,-311.381
2021/4/15,4,5948.63,374925000.00 ,63027,63325.5,63019.5,63962.5,62154.5,-240.496
2021/4/16,5,7193.86,443626000.00 ,61667.3,61474.5,63325,63650,60121,-644.98
2021/4/17,6,5062.98,309648000.00 ,61159.3,60169.5,61474.5,62588.5,59679.5,-199.202
2021/4/18,7,21639.4,1194340000.00 ,55192.8,56250.5,60170,60473,51705.5,3162.94
2021/4/19,1,6193.56,347659000.00 ,56132.4,55699.5,56250.5,57587,54300,-156.412
2021/4/20,2,6508.52,360295000.00 ,55357.4,56513,55699,57127,53424.5,107.218
2021/4/21,3,5290.77,292644000.00 ,55312.2,53846,56512,56821.5,53691.5,-74.9848
2021/4/22,4,11164.7,592760000.00 ,53092.4,51714.5,53846,55494,50500,-106.503
2021/4/23,5,13564.4,672579000.00 ,49584.3,51124.5,51714,52120.5,47530.5,123.018
2021/4/24,6,5452.65,272302000.00 ,49939.3,50115.5,51125,51157,48713,-140.49
2021/4/25,7,6059.39,298099000.00 ,49196.2,49074,50115,50536,47000,-70.3673
2021/4/26,1,8699.8,459367000.00 ,52802.1,54020.5,49074,54392,48808,-195.679
2021/4/27,2,5234.64,285948000.00 ,54626.1,55039.5,54020.5,55500,53326,-151.563
2021/4/28,3,6113.82,335522000.00 ,54879.3,54873,55039.5,56563,53900,-89.5307
2021/4/29,4,5498.93,295588000.00 ,53753.9,53568.5,54873,55200,52374,-174.385
2021/4/30,5,6152.76,342896000.00 ,55730.5,57763.5,53568,57963,53081.5,194.426
2021/5/1,6,4540.8,262671000.00 ,57846.9,57889.5,57763,58573,57123,-184.469
2021/5/2,7,4199.77,238661000.00 ,56827.1,56654.5,57889,57972.5,56129,-33.7909
2021/5/3,1,7092.3,410104000.00 ,57823.8,57178,56654.5,59070.5,54537.5,-186.896
2021/5/4,2,8594.01,474483000.00 ,55211,53264,57178,57195.5,53091.5,-259.11
2021/5/5,3,5383.22,301403000.00 ,55989.4,57530,53263.5,57955,52948.5,103.845
2021/5/6,4,5055.63,288114000.00 ,56988.8,56385.5,57530,58472.5,55311,-114.304
2021/5/7,5,5044.92,287869000.00 ,57061.2,57429.5,56385,58777.5,55333,-123.563
2021/5/8,6,6026.13,353527000.00 ,58665.6,59024,57430,59652,57000,-48.2663
2021/5/9,7,4720.84,273516000.00 ,57938,58295.5,59024,59392,56369,-202.896
2021/5/10,1,8686.43,497330000.00 ,57253.7,55920.5,58296,59697,53613,-540.412
2021/5/11,2,4498.85,251181000.00 ,55832.2,56787.5,55920,56977.5,54562.5,-176.626
2021/5/12,3,7666.25,420711000.00 ,54878.4,50135,56787,58029.5,50135,-331.274
2021/5/13,4,13612.2,668003000.00 ,49073.8,49709,49526.5,51344.5,45806,249.897
2021/5/14,5,4091.05,205302000.00 ,50183.4,49909,49708.5,51563,48907,-98.7578
2021/5/15,6,5646.91,274404000.00 ,48593.6,46795.5,49909,50733.5,46601,-289.801
2021/5/16,7,6919.91,323684000.00 ,46775.8,46421.5,46795.5,49808,43818,-147.603
2021/5/17,1,7525.05,331464000.00 ,44048,43558.5,46421.5,46605.5,42100,-204.775
2021/5/18,2,5420.64,238131000.00 ,43930.3,42871.5,43558.5,45800.5,42270,-119
2021/5/19,3,30837.2,1117850000.00 ,36249.9,36918.5,42871.5,43592,29800,1323.2
2021/5/20,4,8659.89,341226000.00 ,39403.1,40622.5,36806.5,42444,35000,-276.052
2021/5/21,5,10044.1,383668000.00 ,38198.5,37267,40622.5,42335,33463.5,-213.51
2021/5/22,6,5155.15,193090000.00 ,37455.8,37463,37300,38883.5,35250,-206.738
2021/5/23,7,9783.88,334122000.00 ,34150.3,34707,37462.5,38285,31100,-124.421
2021/5/24,1,6020.05,224286000.00 ,37256.5,38842,34710,39921.5,34436,29.5488
2021/5/25,2,4832.47,183586000.00 ,37990,38368,38842,39800,36495,-59.2005
2021/5/26,3,4412.15,173269000.00 ,39270.9,39260.5,38368,40890.5,37833.5,-61.5281
2021/5/27,4,3981.71,154757000.00 ,38866.8,38512.5,39260.5,40450,37177,-9.21066
2021/5/28,5,5294.61,193043000.00 ,36460.4,35670.5,38513,38882,34703,-125.664
2021/5/29,6,4343.99,152811000.00 ,35177.5,34598.5,35671,37377.5,33640.5,6.88516
2021/5/30,7,2868.55,101446000.00 ,35364.8,35661,34599,36497.5,33386.5,69.0992
2021/5/31,1,3705.33,133918000.00 ,36141.9,37253.5,35660.5,37490.5,34180,-9.31315
2021/6/1,2,4015.62,147130000.00 ,36639.5,36674.5,37253,37884.5,35622,74.5175
2021/6/2,3,2980.43,111103000.00 ,37277.5,37544,36674.5,38231.5,35904.5,-8.14878
2021/6/3,4,3683.58,142200000.00 ,38603.8,39226,37543.5,39440,37182.5,74.5456
2021/6/4,5,4295.09,158993000.00 ,37017.4,36846.5,39226.5,39259.5,35583,-201.687
2021/6/5,6,3840.27,139634000.00 ,36360.4,35509,36846,37911,34784.5,-87.1341
2021/6/6,7,2445.34,87883200.00 ,35939,35786.5,35508.5,36487.5,35211,81.4448
2021/6/7,1,3846.21,136978000.00 ,35613.8,33533,35786,36820.5,33243.5,-143.649
2021/6/8,2,5401.75,176407000.00 ,32657.4,33390.5,33533.5,34023.5,31009,108.368
2021/6/9,3,5800.05,203493000.00 ,35084.6,37399,33390,37540,32437,133.505
2021/6/10,4,4951.17,183584000.00 ,37078.9,36690,37399,38477,35820,-93.8192
2021/6/11,5,4168.54,154111000.00 ,36970.1,37330,36690,37697.5,35927.5,98.2982
2021/6/12,6,4277.85,152585000.00 ,35668.7,35539.5,37330.5,37442,34573.5,-34.002
2021/6/13,7,4603.13,169048000.00 ,36724.7,39031.5,35539.5,39369,34753,306.091
2021/6/14,1,5007.75,199405000.00 ,39819.3,40519.5,39031.5,41003,38783.5,45.0759
2021/6/15,2,4881.47,196318000.00 ,40217,40126.5,40519.5,41338,39486.5,15.018
2021/6/16,3,5327.74,209091000.00 ,39245.7,38323.5,40126.5,40515.5,38082,-13.0888
2021/6/17,4,4164.73,160492000.00 ,38536,38051,38323.5,39575.5,37359,-22.0741
2021/6/18,5,5355.15,197547000.00 ,36889.2,35790,38051.5,38181,35130,-118.423
2021/6/19,6,3819.44,136371000.00 ,35704.6,35482.5,35789.5,36447,34781,-21.8378
2021/6/20,7,4558.01,158452000.00 ,34763.4,35595,35482,36139,33311.5,-115.295
2021/6/21,1,8624.65,283594000.00 ,32881.8,31610.5,35594.5,35749,31251,-155.048
2021/6/22,2,9365.1,294611000.00 ,31458.4,32518.5,31610,33300,28726.5,14.3154
2021/6/23,3,5808.17,195987000.00 ,33743.4,33675.5,32519,34853,31725,-12.8897
2021/6/24,4,4765.84,160813000.00 ,33742.8,34640.5,33675.5,35328,32278.5,162.439
2021/6/25,5,6335.61,210391000.00 ,33207.7,31561,34640.5,35500,31200,-187.164
