date,o,h,l,c,v,a
2019/10/1,8319.5,8539.5,8199,8297.5,933.178,8376.18
2019/10/2,8378.5,8386.5,8176,8319.5,521.027,8258.6
2019/10/3,8239.5,8419,8076.5,8378.5,596.203,8213.73
2019/10/4,8150,8241,8025,8239.5,531.444,8138.46
2019/10/5,8144,8197,8020,8150,427.717,8107.6
2019/10/6,7861,8170,7771,8144,709.788,7947.9
2019/10/7,8210.5,8308.5,7764.5,7861,765.277,8061.79
2019/10/8,8180.5,8334.5,8096,8210.5,606.441,8202.53
2019/10/9,8588.5,8689.5,8114.5,8180,909.512,8434.73
2019/10/10,8593.5,8661,8468,8588,579.353,8560.91
2019/10/11,8276.5,8809,8233,8593.5,810.577,8453.77
2019/10/12,8316,8409.5,8262,8276.5,392.613,8341.21
2019/10/13,8287.5,8471.5,8163.5,8316,542.172,8355.37
2019/10/14,8359.5,8412,8227,8287.5,499.311,8314.53
2019/10/15,8162.5,8424,8081.5,8360,546.486,8256.84
2019/10/16,8002.5,8184,7915,8162,529.622,8035.14
2019/10/17,8079.5,8132.5,7942,8001.5,411.619,8046.37
2019/10/18,7959.5,8122.5,7815,8079.5,547.284,7943.07
2019/10/19,7964,8103.5,7874.5,7959.5,449.6,7970.68
2019/10/20,8230,8317,7877.5,7964,659.003,8078.39
2019/10/21,8210.5,8356,8159.5,8230,459.076,8228.41
2019/10/22,8024,8313,7987.5,8210,538.085,8184.77
2019/10/23,7467.5,8051,7301,8024,985.52,7642.41
2019/10/24,7422,7508.5,7354,7467.5,464.845,7443.76
2019/10/25,8666.5,8790.5,7384.5,7422,1640.53,8219.34
2019/10/26,9266.5,10558,8644,8666.5,3760.94,9472.91
2019/10/27,9549.5,9835,9113,9267,1959.43,9522.92
2019/10/28,9232,9938,9194.5,9550,2314.04,9506.99
2019/10/29,9440,9560,9066,9232.5,1379.96,9381.11
2019/10/30,9166.5,9441.5,8989.5,9440.5,902.514,9188.24
2019/10/31,9160,9442.5,8960,9166.5,1026.55,9183.14
2019/11/1,9260,9316,9063,9159.5,734.359,9182.81
2019/11/2,9320,9410,9220,9260.5,462.932,9305.64
2019/11/3,9210.5,9397,9077,9320,427.17,9219.68
2019/11/4,9420.5,9612.5,9137.5,9210,631.866,9354.59
2019/11/5,9320.5,9485.5,9188,9421,589.241,9336.04
2019/11/6,9351,9461,9257.5,9320.5,426.739,9347.69
2019/11/7,9213,9382,9080,9351,448.961,9217.82
2019/11/8,8771.5,9257.5,8680,9213,978.056,8915.77
2019/11/9,8814.5,8884,8732,8771.5,419.885,8811.62
2019/11/10,9039.5,9140,8764,8814.5,659.773,8956.54
2019/11/11,8719.5,9076.5,8593,9040,668.519,8779.17
2019/11/12,8819,8866,8559,8719,660.665,8723.85
2019/11/13,8764,8849,8710,8819,304.068,8759.9
2019/11/14,8633.5,8793,8555.5,8764,386.95,8650.95
2019/11/15,8462.5,8787.5,8355,8633.5,749.438,8555.93
2019/11/16,8486,8538,8426,8462,238.618,8480.76
2019/11/17,8512,8638,8384.5,8486,548.513,8530.43
2019/11/18,8181,8510.5,8022,8510,974.125,8298
2019/11/19,8127.5,8202.5,7991,8180.5,660.277,8100.33
2019/11/20,8083.5,8229,8034,8128,507.664,8111.17
2019/11/21,7618.5,8122,7356.5,8083.5,1196.62,7731.8
2019/11/22,7276,7715.5,6735.5,7618,2864.69,7201.44
2019/11/23,7322,7348,7103.5,7276,893.382,7238.56
2019/11/24,6905,7347,6865,7322.5,1406.71,7094.97
2019/11/25,7123,7380,6519,6905.5,2421.06,6933.71
2019/11/26,7159.5,7341,7015,7123,1214.4,7151.46
2019/11/27,7528.5,7672.5,6845.5,7159.5,1811.1,7273.63
2019/11/28,7429.5,7665,7370,7528.5,981.051,7527.02
2019/11/29,7757,7872,7416,7429,1182.62,7639.73
2019/11/30,7556,7816.5,7458,7757,935.224,7631.04
2019/12/1,7400,7556.5,7234,7556,1124.98,7353.75
2019/12/2,7302.5,7423,7160.5,7400,833.604,7295.58
2019/12/3,7293.5,7419.5,7106.5,7301.5,514.9,7318.58
2019/12/4,7198.5,7795,7085.5,7293.5,1906.99,7346.04
2019/12/5,7389.5,7484,7148.5,7198.5,1147.49,7328.85
2019/12/6,7540.5,7648,7304.5,7390,1059.35,7438.39
2019/12/7,7504.5,7631,7481.5,7541,559.04,7537.47
2019/12/8,7518,7583,7389,7504,565.52,7493.99
2019/12/9,7336,7688.5,7277.5,7518,1187.99,7461.52
2019/12/10,7219.5,7382,7161.5,7336.5,923.234,7280.06
2019/12/11,7197.5,7266.5,7121,7220,553.266,7203.88
2019/12/12,7184,7296,7070.5,7197.5,830.269,7179.92
2019/12/13,7245,7295,7183.5,7184.5,425.489,7232.41
2019/12/14,7058,7267,7002,7245.5,631.094,7122.26
2019/12/15,7110,7210,7009,7058,596.908,7092.53
2019/12/16,6877.5,7138.5,6820,7109.5,873.037,6980.58
2019/12/17,6613.5,6937,6546,6877.5,932.364,6731.14
2019/12/18,7287.5,7480.5,6420,6613.5,1859.27,6855.32
2019/12/19,7147,7370.5,7042,7287.5,736.272,7158.31
2019/12/20,7187.5,7229,7073,7146.5,427.375,7149.66
2019/12/21,7140,7188,7096,7188,206.097,7144.17
2019/12/22,7505,7517,7121,7140,675.791,7320.71
2019/12/23,7310,7691.5,7261.5,7507.5,930.252,7505.33
2019/12/24,7254,7429,7155.5,7310.5,623.806,7288.57
2019/12/25,7195,7263.5,7116,7254,441.805,7203.79
2019/12/26,7196,7428,7146,7195,586.824,7261.77
2019/12/27,7243,7258,7058,7195.5,487.453,7183.61
2019/12/28,7300.5,7348,7233.5,7243,408.494,7298.3
2019/12/29,7383,7524.5,7279,7300,507.955,7380.28
2019/12/30,7218.5,7384.5,7198,7382.5,421.866,7290.11
2019/12/31,7169,7305.5,7116.5,7218,438.893,7204.59
2020/1/1,7180.5,7234,7154.5,7168.5,288.176,7195.08
2020/1/2,6946.5,7183.5,6910.5,7180.5,524.197,7051.53
2020/1/3,7338.5,7411.5,6854.5,6947,1061.92,7217.32
2020/1/4,7345.5,7398.5,7259.5,7338.5,453.259,7320.81
2020/1/5,7349.5,7488.5,7301.5,7345.5,633.734,7421.15
2020/1/6,7759.5,7813.5,7341.5,7350,863.133,7564.55
2020/1/7,8152.5,8212.5,7734.5,7759.5,1528.08,7955.1
2020/1/8,8047.5,8461.5,7871.5,8152.5,1744.5,8227.36
2020/1/9,7812.5,8049.5,7742.5,8048,1006.38,7891.35
2020/1/10,8200,8202,7676,7812.5,1297.63,7940.61
2020/1/11,8025,8290,8008,8199.5,812.927,8122.16
2020/1/12,8185,8190,7965.5,8025,587.66,8108.47
2020/1/13,8104.5,8196,8038.5,8184.5,444.399,8104.26
2020/1/14,8828.5,8894,8104,8104.5,2009.93,8600.63
2020/1/15,8814,8911,8576,8828.5,1266.65,8758.9
2020/1/16,8718.5,8854,8584,8814,804.97,8681.12
2020/1/17,8902,9021.5,8672.5,8718.5,1080.36,8876.67
2020/1/18,8917.5,8984.5,8810,8902.5,604.004,8900.36
2020/1/19,8701,9188,8452,8917.5,1236.51,8814.73
2020/1/20,8636.5,8741,8511.5,8701,621.272,8636.8
2020/1/21,8727,8772.5,8470,8636,570.297,8644.28
2020/1/22,8664.5,8799,8565,8727,385.041,8669.6
2020/1/23,8396.5,8673,8283,8665,778.812,8440.1
2020/1/24,8427,8517.5,8223,8397,702.116,8385.87
2020/1/25,8325.5,8431.5,8258,8427,455.827,8326.64
2020/1/26,8596,8599,8287,8325.5,574.405,8450.44
2020/1/27,8895.5,8992,8569,8596,871.191,8762.44
2020/1/28,9402,9424,8874,8895.5,1301.23,9076.94
2020/1/29,9289.5,9446,9226.5,9400.5,867.397,9337.2
2020/1/30,9508.5,9575,9104.5,9289.5,1072.34,9380.66
2020/1/31,9346,9528,9208,9509,753.905,9340.08
2020/2/1,9379.5,9465,9283,9346,528.334,9377.43
2020/2/2,9331.5,9476,9138,9380,816.319,9363.96
2020/2/3,9281.5,9631.5,9220,9331,859.398,9365.04
2020/2/4,9170.5,9346,9085,9281.5,669.632,9202.82
2020/2/5,9623.5,9777,9158.5,9170.5,1003.02,9487.25
2020/2/6,9751.5,9877,9530,9623.5,1067.88,9715.96
2020/2/7,9810.5,9889.5,9714,9751.5,732.168,9788.79
2020/2/8,9909.5,9959.5,9667,9810.5,715.579,9822.09
2020/2/9,10168.5,10182,9897,9910,787.896,10080.9
2020/2/10,9856.5,10196,9750,10169,1082.78,9931.57
2020/2/11,10281,10410,9716.5,9856,1189.01,10051.5
2020/2/12,10364,10500,10257.5,10281,1049.65,10360.1
2020/2/13,10245,10549.5,10085,10364,1380.3,10296.1
2020/2/14,10373.5,10401.5,10118.5,10245,814.701,10265.4
2020/2/15,9911,10411,9770,10373,872.818,10086.5
2020/2/16,9937,10054.5,9635.5,9911,854.286,9885.94
2020/2/17,9713,9974,9456.5,9937,975.637,9702.16
2020/2/18,10196,10300,9621.5,9713.5,992.902,9930.21
2020/2/19,9602,10321.5,9267.5,10196.5,1263.81,9969.38
2020/2/20,9615.5,9705.5,9392.5,9602,744.937,9577.57
2020/2/21,9703.5,9779.5,9560,9615.5,524.848,9693.68
2020/2/22,9676.5,9724.5,9577.5,9703.5,294.624,9666.26
2020/2/23,9970,10035.5,9676,9676.5,576.324,9899.52
2020/2/24,9662,10032.5,9485.5,9970.5,747.72,9738.1
2020/2/25,9318.5,9694.5,9238.5,9662.5,782.62,9476.28
2020/2/26,8784,9371,8591,9318.5,1218.88,8982.44
2020/2/27,8822,8970,8530.5,8784,777.507,8779.56
2020/2/28,8715,8903,8441,8822,868.617,8661.4
2020/2/29,8535,8807.5,8535,8713.5,436.889,8677.96
2020/3/1,8527.5,8761,8405,8535.5,656.004,8567.89
2020/3/2,8919,8970,8491,8527.5,591.905,8766
2020/3/3,8762,8925.5,8669,8919.5,729.708,8792.4
2020/3/4,8762.5,8852.5,8675,8762,453.569,8759.34
2020/3/5,9074.5,9173.5,8762,8762,701.395,9019.31
2020/3/6,9158.5,9185,9006,9074.5,495.341,9103.65
2020/3/7,8906.5,9224,8866,9159,534.465,9039.69
2020/3/8,8041.5,8906.5,8007.5,8906.5,978.866,8459.13
2020/3/9,7933.5,8185,7636,8041.5,1413.89,7860.01
2020/3/10,7888.5,8154,7732,7934,987.925,7949.78
2020/3/11,7940,7985.5,7590.5,7889,872.637,7816.43
2020/3/12,4585,7969.5,4418,7940,2940.21,6371.15
2020/3/13,5591,5898.5,3730,4585,2862.55,5132.43
2020/3/14,5168,5662.5,5046.5,5591,771.855,5387.94
2020/3/15,5344.5,5964.5,5086,5165,809.943,5410.22
2020/3/16,5038.5,5344.5,4398,5344.5,1312.41,4898.31
2020/3/17,5328.5,5565,4931,5038.5,943.526,5296.94
2020/3/18,5410,5441.5,5010,5328,821.525,5264.44
2020/3/19,6183,6440,5259,5410,1043.33,5910.44
2020/3/20,6206.5,6938,5652.5,6183,1527.8,6374.94
2020/3/21,6190.5,6447,5864,6206.5,884.838,6166.23
2020/3/22,5815,6420,5735,6191,860.624,6092.34
2020/3/23,6494.5,6644.5,5677,5815,989.387,6200.92
2020/3/24,6763,6869.5,6405.5,6494,898.554,6655.82
2020/3/25,6686.5,6981.5,6456.5,6763,803.884,6678.48
2020/3/26,6760,6795,6506,6686,583.628,6663.3
2020/3/27,6361.5,6876,6259.5,6760,713.39,6645.76
2020/3/28,6247.5,6362,6025,6361.5,752.658,6208.71
2020/3/29,5867.5,6273.5,5862.5,6247.5,582.891,6060.26
2020/3/30,6400,6634,5843,5867.5,873.774,6304.24
2020/3/31,6424,6530,6325,6400,584.583,6444.22
2020/4/1,6670.5,6718.5,6155,6424,785.253,6356.13
2020/4/2,6799,7273.5,6571.5,6670.5,1247.51,6821.01
2020/4/3,6738.5,7060,6610,6798.5,876.675,6830.88
2020/4/4,6871,7020.5,6642,6738.5,804.89,6802.6
2020/4/5,6775.5,6911,6661,6871,521.835,6789.5
2020/4/6,7339,7375,6767.5,6775.5,909.711,7099.8
2020/4/7,7195,7475,7080,7339.5,887.405,7307.29
2020/4/8,7365.5,7432,7150.5,7195.5,746.16,7305.58
2020/4/9,7293,7372,7108,7365.5,648.168,7281.69
2020/4/10,6868.5,7307,6751.5,7292.5,886.649,6956.8
2020/4/11,6882,6953.5,6767,6868,413.951,6859.79
2020/4/12,6906,7194,6784,6882,650.732,6994.77
2020/4/13,6858,6914,6551,6906,843.128,6743.01
2020/4/14,6873,6986.5,6764.5,6857.5,602.049,6880.54
2020/4/15,6620.5,6935,6609.5,6873,579.172,6776.2
2020/4/16,7110.5,7223.5,6464.5,6620.5,1245.7,6924.41
2020/4/17,7027.5,7152,7001.5,7111,575.915,7071.07
2020/4/18,7254,7301,7022.5,7027,463.58,7175.48
2020/4/19,7126,7269.5,7056.5,7254.5,479.48,7158.39
2020/4/20,6833,7224,6755,7126,861.347,6992.46
2020/4/21,6848.5,6948.5,6773,6833,518.702,6858.74
2020/4/22,7134,7167,6821.5,6848.5,488.29,7021.31
2020/4/23,7493,7801,7033,7133.5,913.657,7364.49
2020/4/24,7509,7613,7388,7492.5,553.487,7515.3
2020/4/25,7539,7722.5,7429.5,7509,519.991,7555.44
2020/4/26,7703,7717,7459,7539.5,554.369,7610.27
2020/4/27,7786.5,7813,7629,7703.5,540.675,7712.31
2020/4/28,7749.5,7796.5,7663.5,7786,351.315,7725.05
2020/4/29,8789,8974,7718.5,7751.5,2127.49,8472.31
2020/4/30,8628.5,9482.5,8409,8789,2717.55,8944.44
2020/5/1,8831.5,9073,8623,8628.5,1161.49,8811.92
2020/5/2,8982,9022,8756.5,8831.5,792.403,8887.15
2020/5/3,8905,9205.5,8728,8981.5,1338.39,8968.71
2020/5/4,8883,8972,8529,8905,1123.05,8763.18
2020/5/5,9021.5,9120,8764,8883,1011.15,8937.46
2020/5/6,9151,9416.5,8916,9021.5,1324.85,9197.13
2020/5/7,10010,10098.5,9025.5,9151,2122.48,9601.83
2020/5/8,9813,10057,9718,10010,1382.78,9917.8
2020/5/9,9550.5,9919.5,9532,9813.5,1301.13,9708.2
2020/5/10,8724.5,9585,8088,9550.5,3199.47,8652.15
2020/5/11,8567.5,9170,8165,8725,2723.13,8687.56
2020/5/12,8818.5,8983,8537,8567,927.516,8780.47
2020/5/13,9310.5,9412,8803.5,8818,991.816,9092.98
2020/5/14,9796.5,9960,9265,9310.5,1792.38,9653.52
2020/5/15,9309,9855,9097.5,9796.5,1931.69,9483.07
2020/5/16,9377,9589,9215,9308.5,1070.14,9403.89
2020/5/17,9675,9898,9324,9377,1042.34,9652.89
2020/5/18,9727,9974,9420,9675,1321.36,9714.04
2020/5/19,9782,9912,9467,9727.5,1532.12,9672.7
2020/5/20,9506.5,9843,9290,9782.5,1055.76,9602.23
2020/5/21,9056.5,9565.5,8801.5,9506.5,1484.33,9164.66
2020/5/22,9164,9264.5,8925,9056.5,770.504,9108.48
2020/5/23,9171,9306.5,9081,9163.5,580.493,9194.26
2020/5/24,8706.5,9300,8668.5,9171,1107.07,9026.22
2020/5/25,8892,8975.5,8614,8706,905.144,8806.32
2020/5/26,8836,9010,8683.5,8892.5,877.625,8848.91
2020/5/27,9202,9230,8813,8836,812.007,9059.88
2020/5/28,9580.5,9630,9107,9202,916.209,9362.61
2020/5/29,9423,9610,9320,9580.5,788.03,9454.67
2020/5/30,9702.5,9746.5,9322,9423.5,874.33,9530.46
2020/5/31,9443,9708.5,9375,9702.5,638.258,9533.97
2020/6/1,10238,10444,9418,9443,1097.51,9846.18
2020/6/2,9520,10261.5,9262,10238,1294.24,9737.43
2020/6/3,9662.5,9691.5,9382,9520,577.916,9552.2
2020/6/4,9795,9890,9430,9663,914.496,9697.7
2020/6/5,9615,9858,9591.5,9795.5,831.497,9729.51
2020/6/6,9669,9735,9531,9615,425.643,9633.75
2020/6/7,9755.5,9826,9356.5,9669,782.104,9602.23
2020/6/8,9788.5,9812,9637.5,9755.5,470.548,9725.6
2020/6/9,9783,9898.5,9550,9789,667.462,9725.86
2020/6/10,9889,10038,9700,9782.5,674.645,9830.51
2020/6/11,9263,9987,9040,9889,1316.42,9524.57
2020/6/12,9459,9545,9223,9262.5,659.678,9411.55
2020/6/13,9474.5,9500,9340.5,9459.5,398.717,9421.04
2020/6/14,9331,9480,9238.5,9474.5,472.675,9371.84
2020/6/15,9422.5,9501,8901,9331,1242.74,9196.47
2020/6/16,9520.5,9599,9377.5,9422.5,651.105,9493.96
2020/6/17,9452.5,9587.5,9240,9520.5,641.827,9420.88
2020/6/18,9375,9495.5,9266,9452.5,518.438,9388.18
2020/6/19,9297,9464,9217.5,9375,739.432,9322.69
2020/6/20,9356,9392,9152,9297,483.708,9294.18
2020/6/21,9284,9447,9260,9356,339.744,9345.97
2020/6/22,9693,9793,9268.5,9284.5,669.562,9531.52
2020/6/23,9625,9728.5,9578.5,9693.5,391.784,9638.7
2020/6/24,9286.5,9670,9183.5,9625.5,858.117,9386.01
2020/6/25,9237,9338.5,8984.5,9286.5,767.79,9199.44
2020/6/26,9148,9291.5,9027.5,9237.5,773.504,9158.24
2020/6/27,8997.5,9185,8823.5,9148,694.626,9041.88
2020/6/28,9112,9184,8926.5,8998,490.727,9070.06
2020/6/29,9183.5,9234,9012.5,9112,585.638,9113.33
2020/6/30,9130.5,9197.5,9053.5,9184,437.317,9137.96
2020/7/1,9234,9296.5,9084.5,9130.5,469.136,9197.9
2020/7/2,9085,9258.5,8932.5,9234.5,722.539,9122.01
2020/7/3,9057,9122.5,9038,9085.5,292.21,9086.13
2020/7/4,9141,9197,9041.5,9056.5,313.873,9113.49
2020/7/5,9079,9147,8903.5,9140.5,456.251,9040.07
2020/7/6,9345.5,9380,9064,9079,564.136,9233.63
2020/7/7,9251.5,9392,9205,9346,396.823,9268.9
2020/7/8,9436,9475.5,9236.5,9252,521.068,9364.02
2020/7/9,9234,9438.5,9157,9436.5,614.055,9296.92
2020/7/10,9285,9319,9113.5,9234,431.653,9199.79
2020/7/11,9231.5,9298,9176,9285,281.33,9232.64
2020/7/12,9302,9353.5,9157,9231.5,442.622,9252.76
2020/7/13,9235.5,9349.5,9200,9302,410.356,9278.16
2020/7/14,9254.5,9277,9077,9235,451.398,9204.02
2020/7/15,9190,9272.5,9153,9255,316.036,9211.67
2020/7/16,9130,9212,9030.5,9190,510.099,9116.22
2020/7/17,9152,9179,9083.5,9130.5,261.938,9137.69
2020/7/18,9172.5,9221.5,9123.5,9151.5,217.518,9165.63
2020/7/19,9211,9241.5,9099.5,9173,266.521,9161.9
2020/7/20,9161,9224,9135.5,9211,237.446,9174.66
2020/7/21,9392.5,9442,9158.5,9161,606.039,9328.74
2020/7/22,9534.5,9570,9284,9393,447.342,9402.5
2020/7/23,9606.5,9684,9455.5,9534.5,585.777,9551.19
2020/7/24,9546,9647.5,9473.5,9606.5,484.389,9554.78
2020/7/25,9708.5,9752.5,9537.5,9546,485.141,9644.66
2020/7/26,9936,10274.5,9666.5,9709,1017.73,9932.09
2020/7/27,11063,11447.5,9936,9936.5,2974.7,10637.6
2020/7/28,10936,11275.5,10589,11063.5,2244.36,10984.6
2020/7/29,11114.5,11368.5,10866,10936.5,1674.73,11135.2
2020/7/30,11115,11194.5,10834.5,11114,992.046,11033.6
2020/7/31,11360.5,11471.5,10978,11115,1298.11,11251.6
2020/8/1,11830.5,11913.5,11247.5,11360.5,1613.85,11642.5
2020/8/2,11070,12169,10537.5,11830.5,2501.15,11301.3
2020/8/3,11237,11484,10938,11070.5,1173.1,11270.4
2020/8/4,11193,11427,10994,11236.5,970.243,11233
2020/8/5,11760.5,11800,11100.5,11193.5,1359.15,11540.4
2020/8/6,11770.5,11919,11581,11761,1192.56,11761.2
2020/8/7,11603.5,11933,11331,11770.5,1423.09,11659
2020/8/8,11778,11822,11528,11604,765.234,11695
2020/8/9,11692,11815,11534,11777.5,674.086,11669.8
2020/8/10,11904,12100,11455.5,11691.5,1701.88,11868.3
2020/8/11,11385,11947,11120,11903.5,2205.32,11513.8
2020/8/12,11568,11627,11111,11385.5,1180.67,11442.3
2020/8/13,11806.5,11826.5,11280,11568.5,1462.18,11548.2
2020/8/14,11773.5,11873.5,11641,11806,932.229,11764.9
2020/8/15,11863.5,11999,11675,11773.5,1051.97,11878.4
2020/8/16,11924,11944.5,11700,11863.5,713.144,11841.2
2020/8/17,12303,12491,11780.5,11924,1722.48,12156
2020/8/18,11957.5,12404.5,11814,12303,1332.32,12096.9
2020/8/19,11769.5,12028,11564,11958,1144.69,11775
2020/8/20,11865,11891.5,11677,11769.5,563.399,11795.2
2020/8/21,11533,11881.5,11475,11865.5,889.004,11696
2020/8/22,11673.5,11686.5,11380,11533,597.017,11543.8
2020/8/23,11656,11717.5,11525.5,11673.5,457.951,11619.8
2020/8/24,11761.5,11833.5,11603.5,11656.5,555.03,11748.8
2020/8/25,11325.5,11769,11114,11761.5,1261.36,11447
2020/8/26,11469.5,11548,11253.5,11326,738.191,11398.6
2020/8/27,11334,11599,11132,11470,1074.83,11352.5
2020/8/28,11530,11550,11290,11334.5,551.166,11445.8
2020/8/29,11475.5,11593,11426.5,11530,392.956,11505
2020/8/30,11720,11727,11465.5,11476,510.551,11623.8
2020/8/31,11660,11783.5,11582,11720,609.666,11684.6
2020/9/1,11937.5,12074.5,11525.5,11659.5,947.7,11881.7
2020/9/2,11400.5,11962.5,11155,11937.5,1267.71,11520.9
2020/9/3,10148.5,11477,9931.5,11400.5,1840.22,10806.9
2020/9/4,10455,10631.5,9893.5,10149,1310.78,10332
2020/9/5,10157.5,10564,9821.5,10455,1425.06,10171.4
2020/9/6,10252,10342.5,10004.5,10158,653.723,10190.6
2020/9/7,10372,10412.5,9876,10252.5,853.85,10126.8
2020/9/8,10126,10443.5,9833,10372,1025.87,10091.6
2020/9/9,10220.5,10343,9986.5,10126,481.125,10185.2
2020/9/10,10340,10490,10213,10221,616.794,10343.9
2020/9/11,10392,10404,10205.5,10340.5,426.029,10296.8
2020/9/12,10440,10480,10271.5,10392,334.152,10370.7
2020/9/13,10321.5,10579,10213,10439.5,509.978,10381.4
2020/9/14,10674.5,10755,10250.5,10323,727.879,10541.6
2020/9/15,10781,10928.5,10610,10674,839.129,10781.2
2020/9/16,10947.5,11095.5,10662,10781,843.292,10912.6
2020/9/17,10937,11044,10747.5,10947.5,672.198,10878
2020/9/18,10925.5,11038.5,10813,10937,479.368,10919.9
2020/9/19,11077.5,11174,10890.5,10925.5,467.073,11032.1
2020/9/20,10915,11077.5,10758.5,11077,483.472,10897.5
2020/9/21,10402,10989,10281,10915,968.244,10588.5
2020/9/22,10524.5,10570,10348.5,10402,475.797,10460.2
2020/9/23,10231,10531.5,10132.5,10524,614.375,10370.3
2020/9/24,10734,10799,10188.5,10231.5,710.826,10514
2020/9/25,10685,10757,10550.5,10734,559.74,10654.8
2020/9/26,10727.5,10832.5,10651.5,10685.5,357.864,10720.2
2020/9/27,10774.5,10797.5,10590.5,10727.5,384.859,10705.3
2020/9/28,10691,10960.5,10637.5,10774.5,614.368,10858.3
2020/9/29,10839,10856,10627,10690.5,510.847,10727.3
2020/9/30,10773.5,10846,10663,10839,484.04,10735.6
2020/10/1,10610,10939,10441,10773.5,837.695,10705.3
2020/10/2,10568.5,10657,10376.5,10610.5,625.435,10506.2
2020/10/3,10542.5,10603.5,10499,10568,285.496,10547.8
2020/10/4,10673,10692,10518,10542.5,284.357,10611.1
2020/10/5,10785.5,10794.5,10615.5,10672.5,415.184,10704.7
2020/10/6,10597,10793,10521.5,10785.5,636.645,10664.1
2020/10/7,10667.5,10675,10555,10597.5,304.855,10617.6
2020/10/8,10924.5,10964.5,10528.5,10668,774.128,10759.6
2020/10/9,11060,11112,10827,10925,543.398,10997.3
2020/10/10,11305,11492.5,11059.5,11060,825.232,11344.1
2020/10/11,11370.5,11449,11278,11305,518.545,11365
2020/10/12,11541.5,11725,11185.5,11370,1009.26,11471.9
2020/10/13,11420,11575,11308,11541.5,794.931,11442.4
2020/10/14,11423.5,11554.5,11292,11420,719.235,11409.3
2020/10/15,11505.5,11626.5,11237.5,11424,723.865,11418.9
2020/10/16,11322,11540,11185,11506,681.481,11335.4
2020/10/17,11358,11410,11261.5,11322,320.118,11338.1
2020/10/18,11511.5,11520,11341,11357.5,350.617,11436.1
2020/10/19,11752.5,11835.5,11419,11512,891.702,11637.1
2020/10/20,11923.5,12059,11686,11752.5,1234.55,11873.8
2020/10/21,12815,13250,11897.5,11923.5,2647.58,12582.6
2020/10/22,13005,13224,12694,12815.5,1503.21,12952.2
2020/10/23,12938,13047,12742,13005,894.63,12918.9
2020/10/24,13125.5,13186,12888,12938,674.051,13049.6
2020/10/25,13042,13375.5,12807.5,13125,941.17,13080.7
2020/10/26,13069,13250,12770.5,13042,1532.48,13040.6
2020/10/27,13650,13796,13060.5,13068.5,1801.17,13462.9
2020/10/28,13272.5,13868,12892.5,13650,1963.7,13383
2020/10/29,13469.5,13659.5,12988,13272,1496,13342.7
2020/10/30,13567,13681.5,13126,13469.5,1507.76,13426.3
2020/10/31,13808,14149,13412,13567,1452.8,13772.2
2020/11/1,13764.5,13914,13631,13807.5,972.291,13767.3
2020/11/2,13566.5,13844,13204.5,13764,1773.47,13536.9
2020/11/3,14045,14084,13295.5,13567,1718.56,13632.4
2020/11/4,14158,14279.5,13536.5,14045,2012.22,13930.7
2020/11/5,15610,15784,14112.5,14158.5,3731.79,14918.2
2020/11/6,15608.5,15990,15214.5,15610.5,2659.75,15617.2
2020/11/7,14842,15810.5,14373.5,15608.5,2618.51,15144.2
2020/11/8,15509,15677,14740,14841.5,1648.7,15279.3
2020/11/9,15332.5,15887,14825,15509,2760.01,15351.3
2020/11/10,15318,15490,15088,15333,1417.67,15304.1
2020/11/11,15715.5,16026.5,15297,15317.5,1914.26,15678.4
2020/11/12,16315.5,16370,15465,15716,2903.99,15954.2
2020/11/13,16353,16499.5,15969,16315.5,1647.17,16272.2
2020/11/14,16086,16354,15713,16353.5,1741.44,15969.9
2020/11/15,15972.5,16169.5,15795,16086,1406.97,15983.9
2020/11/16,16719,16888,15895,15972,2318.5,16472.3
2020/11/17,17680.5,17889,16570.5,16719,3676.65,17315
2020/11/18,17795,18509,17235,17679,5255.23,17905.1
2020/11/19,17835,18210,17342,17795.5,2459.48,17830.5
2020/11/20,18687.5,18847,17781,17835.5,2793.12,18406.2
2020/11/21,18727,18998,18309,18687,1961.39,18718.2
2020/11/22,18463.5,18789,17652,18726.5,2406.77,18359
2020/11/23,18393,18812,18054,18462.5,2190.18,18451.8
2020/11/24,19182.5,19448.5,18060,18392.5,3515.36,18921.4
2020/11/25,18731.5,19565,18507,19183,3080.82,19042.1
2020/11/26,17167.5,18931.5,16200,18732,6056.02,17315
2020/11/27,17147.5,17471,16445.5,17168,2346.9,16964.5
2020/11/28,17729,17890,16878.5,17147.5,1625.1,17397.7
2020/11/29,18200.5,18360,17529.5,17729,1637.01,18010.5
2020/11/30,19734.5,19953,18201,18201,3518.52,19145.9
2020/12/1,18773,19967.5,18077,19735,4622.72,19130.5
2020/12/2,19228.5,19366,18337,18773.5,2382.12,18944
2020/12/3,19450,19640,18884,19227.5,1965.32,19302.7
2020/12/4,18661.5,19553.5,18574,19449.5,2286.46,19035.9
2020/12/5,19160,19185,18509,18661.5,1087.48,18940.3
2020/12/6,19400.5,19450,18869,19160,1326.6,19170.9
2020/12/7,19195,19464,18917,19401,1250.51,19189.6
2020/12/8,18311,19314.5,18166,19195.5,2399.09,18798
2020/12/9,18541.5,18630,17645,18306,2325.22,18187
2020/12/10,18246,18542,17894,18541,1568.15,18264
2020/12/11,18024.5,18278.5,17550,18246.5,2170.66,17909.3
2020/12/12,18803,18950,18020,18025,1343.06,18504.9
2020/12/13,19177.5,19439,18715,18803.5,1597,19159.2
2020/12/14,19270.5,19350,19007.5,19177.5,1142.59,19179.3
2020/12/15,19436,19585.5,19025.5,19270,2040.17,19340.5
2020/12/16,21391,21608.5,19283,19436,3527.26,20433.8
2020/12/17,22828.5,23850,21284,21391.5,8053.05,22806.8
2020/12/18,23140.5,23327.5,22354.5,22828.5,2802.33,22866.5
2020/12/19,23871,24266,22759.5,23140.5,3305.81,23562.9
2020/12/20,23480.5,24349,23105.5,23871,3239.31,23636.8
2020/12/21,22729.5,24142,21898,23480,4519.38,23071.5
2020/12/22,23825,23843.5,22395,22729.5,2901.92,23095.5
2020/12/23,23250,24171,22612,23825.5,3611.78,23458.1
2020/12/24,23737.5,23819.5,22711,23243.5,1969.79,23198.1
2020/12/25,24721.5,24780,23449,23738,3150.23,24198.7
2020/12/26,26525,26899.5,24501,24721.5,3901.73,25566.2
2020/12/27,26228.5,28397,25801.5,26529.5,6431.77,27141
2020/12/28,27013.5,27510,26064,26229,3290.5,26952.4
2020/12/29,27385.5,27424,25874,27013,3024.09,26651.4
2020/12/30,28892,29037,27371.5,27385.5,4601.27,28192.9
2020/12/31,28955,29362.5,27865.5,28892.5,3897.94,28772.5
2021/1/1,29394.5,29724,28715.5,28955,2892.5,29273.9
2021/1/2,32214.5,33433,29051,29395,7449.32,31431.1
2021/1/3,33092,34861,32013,32214.5,7836.83,33569
2021/1/4,32050.5,33662,27744,33092,8395.13,31195
2021/1/5,34088,34562.5,29930,32050.5,6666.75,32266.9
2021/1/6,36886.5,37052.5,33381,34088,7614.26,35074.4
2021/1/7,39500,40544,36388,36887,10514.3,38460.2
2021/1/8,40614.5,42097,36500,39500.5,10724.7,39824.4
2021/1/9,40300,41533,38700,40615,5669.49,40391.2
2021/1/10,38221.5,41550,34971,40300.5,9304.69,38775
2021/1/11,35324.5,38298.5,30404,38221,16071.9,33743
2021/1/12,34037.5,36744.5,32560,35324.5,8050.28,34670.2
2021/1/13,37421.5,37850,32330.5,34037,7498.67,34889.3
2021/1/14,39144.5,40181.5,36750,37421.5,6500.58,38704.2
2021/1/15,36737,39748.5,34295,39144,7829.48,36741.8
2021/1/16,35933.5,37996,35323.5,36737,5464.66,36854.9
2021/1/17,35879.5,36907.5,33834.5,35932.5,4744.1,35487.8
2021/1/18,36661,37548.5,34768,35879.5,4139.34,36138.8
2021/1/19,35843,37955,35792.5,36661.5,4343.14,36946.6
2021/1/20,35538,36428,33342.5,35843.5,5165.99,34949.8
2021/1/21,30821,35641,30005,35538,7009.26,32376
2021/1/22,33000.5,33850,28829.5,30819.5,5683.29,31457.8
2021/1/23,32087.5,33504,31443,33001,3147.15,32350.8
2021/1/24,32290.5,33134,30948.5,32087,2620.87,32150.6
2021/1/25,32240.5,34881.5,31914,32290.5,4005.94,33397.2
2021/1/26,32508,32940,30819.5,32240,3469.83,31920.4
2021/1/27,30387.5,32571.5,29250,32508.5,4720.06,30789.9
2021/1/28,33459.5,33830,29875.5,30388.5,3724.98,31999
2021/1/29,34220.5,38735,32023.5,33459.5,11204,35712.6
2021/1/30,34330,34947,32810,34221,3036.03,34049.2
2021/1/31,33136.5,34387.5,32190,34330,2696.55,33395.5
2021/2/1,33532.5,34797,32327,33136,3096.49,33777.1
2021/2/2,35524.5,36020,33444,33533,3321.8,34887.8
2021/2/3,37712.5,37740,35433,35524.5,3540.67,36643.7
2021/2/4,37017,38895,36191,37712.5,4801.14,37516.9
2021/2/5,38392.5,38426.5,36638,37016.5,3376.72,37736.7
2021/2/6,39308,41002.5,38314.5,38393,5471.12,39833.9
2021/2/7,38870,39844.5,37458,39308,4950,38707
2021/2/8,46568.5,47000,38032,38870,12292.5,42965.4
2021/2/9,46510,48315.5,45000,46552,7249.94,46781
2021/2/10,44888,47531,43758,46510,6310.66,45635.9
2021/2/11,48103,48838,44100,44888.5,6718.87,46924.2
2021/2/12,47455,49238,46163.5,48103,6376.61,47682.4
2021/2/13,47255.5,48343,46250,47455,3977.92,47246.4
2021/2/14,48694.5,49926.5,47150,47255,5054.96,48871
2021/2/15,47993.5,49140,45830.5,48694,6046.97,47687.7
2021/2/16,49235,50855,47070,47994,7776.48,49020.5
2021/2/17,52188,52735,49079.5,49234.5,8673.99,50949.2
2021/2/18,51613.5,52667,50872,52187.5,5972.21,51880.5
2021/2/19,55850,56395.5,50684,51613.5,8639.2,53673.3
2021/2/20,55968,57699,54040,55850,8138.82,56278.1
2021/2/21,57452,58500,55620.5,55968.5,6396.59,57253.6
2021/2/22,54060,57585.5,47575,57452,16004.6,53447.7
2021/2/23,48853,54141.5,44911,54055,15931.1,48725.2
2021/2/24,49743.5,51432,47025,48910.5,7168.28,49759.7
2021/2/25,47099.5,52185.5,46700,49743,7283.13,49811.6
2021/2/26,46358.5,48473.5,44119,47096,8276.28,46501.7
2021/2/27,46167,48438.5,45006,46358,4777.52,46948.8
2021/2/28,45239.5,46700,43024,46166.5,6619.67,44735.4
2021/3/1,49688.5,49860,45087,45236.5,6052.85,47840.6
2021/3/2,48511,50299,47100,49688,6061.02,48563.4
2021/3/3,50352,52760,48188,48511,7238.35,50805
2021/3/4,48395,51833.5,47538,50351.5,8539.83,49421.1
2021/3/5,48792.5,49495,46300,48395,7161.46,47740.9
2021/3/6,48933.5,49279.5,47080,48792.5,4543.42,48275.7
2021/3/7,50990,51484.5,48933,48933,5210.32,50332.3
2021/3/8,52529,52550,49332,50990,6489.74,50922.6
2021/3/9,54967.5,54967.5,51974.5,52529,7191.87,53970.2
2021/3/10,55852,57500,53057.5,54967.5,11532.7,55727.9
2021/3/11,57818,58283.5,54300,55852,12503,56510.7
2021/3/12,57217,58152.5,55086,57817.5,10743.6,56789.4
2021/3/13,61167,62000,56120,57217,12726.1,59516.7
2021/3/14,58990,61754.5,58985.5,61166.5,8769.49,60374.3
2021/3/15,55683,60844,54570.5,58989.5,14279.6,57300.7
2021/3/16,57029.5,57059,53199.5,55683,9233.98,55277.5
2021/3/17,58999.5,59085,54151.5,57029.5,11160.9,56494.1
2021/3/18,57644,60200,57029,58999.5,9840.41,58595.8
2021/3/19,58050,59546.5,56265,57643.5,8294.59,58323.7
2021/3/20,58118.5,60000,57840,58050,6456.14,58913
2021/3/21,57430,58628,55400,58118.5,7130.56,57210.8
2021/3/22,54055.5,58487.5,53623,57430,8583.79,56451.7
2021/3/23,54407.5,55874.5,52992,54055,7528.95,54654
2021/3/24,52201.5,57254.5,51611,54408,10554,54807.9
2021/3/25,51335,53210,50462,52201.5,9383.48,51891.2
2021/3/26,55113,55143.5,51259,51335.5,6515.08,53347
2021/3/27,55866.5,56715.5,54022,55113,6253.31,55301.5
2021/3/28,55790,56580,54728,55866.5,5292.67,55798.2
2021/3/29,57631.5,58496.5,54947,55790.5,7130.06,57228.2
2021/3/30,58733.5,59518,57099.5,57631.5,6437.05,58574.6
2021/3/31,58822,59920,56814.5,58734,9779.59,58704.5
2021/4/1,58788,59563,58038,58822,6223.94,58885.4
2021/4/2,59026.5,60365,58500,58787.5,6311.31,59410
2021/4/3,57061,59899,56902,59027,6382.24,58714.9
2021/4/4,58255.5,58546.5,56510,57060.5,4370.78,57612.8
2021/4/5,59293.5,59350,56822,58256,5132.5,58267.8
2021/4/6,57986.5,59634,57432.5,59294,5358.93,58483.2
2021/4/7,55929.5,58729,55511.5,57987,7471.65,56982
2021/4/8,58126.5,58184,55706,55929.5,4548.08,57248
2021/4/9,58129.5,58943.5,57720,58126,4736.63,58287.1
2021/4/10,59724.5,61573,57950.5,58130,9059.13,60077.4
2021/4/11,60016,60791,59281,59724.5,5389.89,59903.4
2021/4/12,59887,61400,59447,60015.5,5817.07,60262
2021/4/13,63554.5,63785.5,59887,59887.5,8856.38,62310.4
2021/4/14,63019,64990,61300,63554.5,11137.9,63360.8
2021/4/15,63325.5,63962.5,62154.5,63019.5,5948.63,63027
2021/4/16,61474.5,63650,60121,63325,7193.86,61667.3
2021/4/17,60169.5,62588.5,59679.5,61474.5,5062.98,61159.3
2021/4/18,56250.5,60473,51705.5,60170,21639.4,55192.8
2021/4/19,55699.5,57587,54300,56250.5,6193.56,56132.4
2021/4/20,56513,57127,53424.5,55699,6508.52,55357.4
2021/4/21,53846,56821.5,53691.5,56512,5290.77,55312.2
2021/4/22,51714.5,55494,50500,53846,11164.7,53092.4
2021/4/23,51124.5,52120.5,47530.5,51714,13564.4,49584.3
2021/4/24,50115.5,51157,48713,51125,5452.65,49939.3
2021/4/25,49074,50536,47000,50115,6059.39,49196.2
2021/4/26,54020.5,54392,48808,49074,8699.8,52802.1
2021/4/27,55039.5,55500,53326,54020.5,5234.64,54626.1
2021/4/28,54873,56563,53900,55039.5,6113.82,54879.3
2021/4/29,53568.5,55200,52374,54873,5498.93,53753.9
2021/4/30,57763.5,57963,53081.5,53568,6152.76,55730.5
2021/5/1,57889.5,58573,57123,57763,4540.8,57846.9
2021/5/2,56654.5,57972.5,56129,57889,4199.77,56827.1
2021/5/3,57178,59070.5,54537.5,56654.5,7092.3,57823.8
2021/5/4,53264,57195.5,53091.5,57178,8594.01,55211
2021/5/5,57530,57955,52948.5,53263.5,5383.22,55989.4
2021/5/6,56385.5,58472.5,55311,57530,5055.63,56988.8
2021/5/7,57429.5,58777.5,55333,56385,5044.92,57061.2
2021/5/8,59024,59652,57000,57430,6026.13,58665.6
2021/5/9,58295.5,59392,56369,59024,4720.84,57938
2021/5/10,55920.5,59697,53613,58296,8686.43,57253.7
2021/5/11,56787.5,56977.5,54562.5,55920,4498.85,55832.2
2021/5/12,50135,58029.5,50135,56787,7666.25,54878.4
2021/5/13,49709,51344.5,45806,49526.5,13612.2,49073.8
2021/5/14,49909,51563,48907,49708.5,4091.05,50183.4
2021/5/15,46795.5,50733.5,46601,49909,5646.91,48593.6
2021/5/16,46421.5,49808,43818,46795.5,6919.91,46775.8
2021/5/17,43558.5,46605.5,42100,46421.5,7525.05,44048
2021/5/18,42871.5,45800.5,42270,43558.5,5420.64,43930.3
2021/5/19,36918.5,43592,29800,42871.5,30837.2,36249.9
2021/5/20,40622.5,42444,35000,36806.5,8659.89,39403.1
2021/5/21,37267,42335,33463.5,40622.5,10044.1,38198.5
2021/5/22,37463,38883.5,35250,37300,5155.15,37455.8
2021/5/23,34707,38285,31100,37462.5,9783.88,34150.3
2021/5/24,38842,39921.5,34436,34710,6020.05,37256.5
2021/5/25,38368,39800,36495,38842,4832.47,37990
2021/5/26,39260.5,40890.5,37833.5,38368,4412.15,39270.9
2021/5/27,38512.5,40450,37177,39260.5,3981.71,38866.8
2021/5/28,35670.5,38882,34703,38513,5294.61,36460.4
2021/5/29,34598.5,37377.5,33640.5,35671,4343.99,35177.5
2021/5/30,35661,36497.5,33386.5,34599,2868.55,35364.8
2021/5/31,37253.5,37490.5,34180,35660.5,3705.33,36141.9
2021/6/1,36674.5,37884.5,35622,37253,4015.62,36639.5
2021/6/2,37544,38231.5,35904.5,36674.5,2980.43,37277.5
2021/6/3,39226,39440,37182.5,37543.5,3683.58,38603.8
2021/6/4,36846.5,39259.5,35583,39226.5,4295.09,37017.4
2021/6/5,35509,37911,34784.5,36846,3840.27,36360.4
2021/6/6,35786.5,36487.5,35211,35508.5,2445.34,35939
2021/6/7,33533,36820.5,33243.5,35786,3846.21,35613.8
2021/6/8,33390.5,34023.5,31009,33533.5,5401.75,32657.4
2021/6/9,37399,37540,32437,33390,5800.05,35084.6
2021/6/10,36690,38477,35820,37399,4951.17,37078.9
2021/6/11,37330,37697.5,35927.5,36690,4168.54,36970.1
2021/6/12,35539.5,37442,34573.5,37330.5,4277.85,35668.7
2021/6/13,39031.5,39369,34753,35539.5,4603.13,36724.7
2021/6/14,40519.5,41003,38783.5,39031.5,5007.75,39819.3
2021/6/15,40126.5,41338,39486.5,40519.5,4881.47,40217
2021/6/16,38323.5,40515.5,38082,40126.5,5327.74,39245.7
2021/6/17,38051,39575.5,37359,38323.5,4164.73,38536
2021/6/18,35790,38181,35130,38051.5,5355.15,36889.2
2021/6/19,35482.5,36447,34781,35789.5,3819.44,35704.6
2021/6/20,35595,36139,33311.5,35482,4558.01,34763.4
2021/6/21,31610.5,35749,31251,35594.5,8624.65,32881.8
2021/6/22,32518.5,33300,28726.5,31610,9365.1,31458.4
2021/6/23,33675.5,34853,31725,32519,5808.17,33743.4
2021/6/24,34640.5,35328,32278.5,33675.5,4765.84,33742.8
2021/6/25,31561,35500,31200,34640.5,6335.61,33207.7
